Date,Store_ID,Product_ID,Quantity_Sold,Revenue
24-5-2009,42,5,52,1156
2008-9-6,48,8,13,2383
2015-11-18,16,51,24,1429
2004-13-32,25,41,10,1203
1999-8-23,12,23,43,1539
2008-3-2,36,47,30,1688
2001-5-3,24,21,19,495
2001-9-12,23,34,3,136
2002-6-23,42,35,25,2811
2011-2-18,34,wndyy,25,1202
2003-6-12,13,15,25,1402
2014-2-11,23,47,14,398
2002-12-3,20,38,34,2812
2015-3-7,45,0,12,2486
2000-6-24,30,56,18,1194
2020-4-24,18,28,53,1047
2011-4-11,54,57,32,2040
2013-5-24,34,1,18,572
1998-8-8,9,23,57,1532
2020-8-31,35,23,18,339
2001-10-20,44,11,15,1677
2022-10-12,6,0,0,1228
2010-8-10,53,19,0,152
2013-10-3,14,43,29,142
2009-3-11,56,6,60,1066
2021-2-8,9,60,12,1025
2021-8-3,46,15,59,1158
1997-11-2,40,22,17,111
2004-7-8,46,49,46,2774
2006-3-16,14,22,52,2752
2010-4-25,12,32,22,2988
2009-5-11,30,35,23,176
2005-6-8,32,56,51,1116
2019-11-6,41,22,54,491
2016-2-9,0,22,56,1905
10-4-1997,,13,45,2836
1999-5-32,52,46,18,2534
2009-2-5,43,59,42,452
2003-9-18,31,7,38,2179
2018-13-10,36,44,12,2962
2009-8-2,34,14,15,2436
2001-7-15,6,43,19,2321
2007-2-13,47,0,43,1334
2023-13-29,31,30,45,1105
2014-11-10,47,27,44,2170
1997-10-31,20,6,58,1605
2012-4-21,19,27,33,2715
2006-8-13,42,41,32,1142
2001-6-11,34,53,36,1954
2015-2-8,8,40,19,927
2003-3-5,38,32,0,2794
2004-9-21,2,20,57,2297
2009-13-18,28,53,19,692
2011-2-4,33,47,7,1700
2010-12-1,59,28,52,1459
2011-6-5,37,11,35,969
2020-13-4,40,28,13,1463
2007-9-4,28,19,24,2397
2018-5-21,11,45,40,2231
2021-8-17,4,39,16,1935
2015-12-20,36,23,22,2956
2020-9-15,37,35,3,2486
2015-13-12,5,41,41,1279
2016-10-4,40,11,23,1197
2020-9-1,31,40,60,2193
2015-10-4,16,5,32,1736
2003-8-22,32,29,26,204
2014-3-3,uyhgnlxc,53,1,755
2003-6-13,3,2,41,2118
8-6-2000,54,49,49,1811
2004-1-18,47,44,35,1618
2006-3-27,35,4,23,320
2016-2-18,2,46,12,1487
vitmasffbwa,29,26,2,2199
2023-8-24,24,29,3,957
31-12-2008,43,27,0,1423
2018-2-14,44,2,26,2624
2004-1-21,8,11,25,403
2020-10-18,42,53,45,787
1998-9-17,37,29,40,2922
2001-9-4,47,26,49,1237
1-7-2019,4,17,2,1243
2006-1-19,44,48,32,2849
2018-13-31,15,13,9,1687
2017-9-27,47,38,23,1627
2002-4-7,59,0,27,1502
1998-8-25,19,47,1,655
2018-6-26,4,23,13,1767
2005-7-13,41,20,29,1133
2003-8-24,8,39,41,2098
2002-2-29,27,21,24,189
2012-8-2,11,47,60,1305
2015-4-28,19,51,56,2385
2014-12-28,59,16,riuykjctbztj,494
2014-6-28,48,24,50,2358
2022-13-14,59,27,59,2737
2011-7-7,31,48,48,1237
2023-10-2,22,39,35,2090
2011-5-4,35,8,6,2195
2007-11-23,38,53,5,2208
2010-12-10,39,20,40,2091
2005-13-2,46,6,59,1064
2018-13-14,33,39,50,2471
2018-4-22,52,14,12,kdrgcj
1998-3-32,48,2,37,1725
25-8-2022,10,48,6,1871
2020-5-3,11,39,23,1301
2020-3-29,mytrhwguwu,58,0,970
18-3-2023,20,8,52,1832
2008-1-25,20,26,28,2269
2016-11-19,15,40,53,1735
2007-8-21,17,57,50,1600
2008-6-26,0,0,20,785
2003-12-1,58,9,41,1235
2009-9-25,58,47,19,1320
2010-11-25,24,13,10,134
2006-12-1,45,59,57,103
30-6-2018,2,30,45,1329
2017-6-28,48,51,36,2758
2020-5-7,10,25,3,960
1997-3-22,30,40,11,466
2022-13-3,40,25,25,2400
24-5-2005,35,60,1,604
2007-12-17,33,34,21,1406
2008-4-18,18,21,26,803
1998-13-24,21,7,54,2439
2023-1-16,3,45,59,786
2020-6-20,20,35,42,1791
1998-7-24,12,27,49,2005
2018-13-31,60,9,20,117
2018-13-26,55,6,5,1263
2009-9-29,15,4,50,2445
2013-4-26,4,12,15,1728
2014-7-15,31,44,22,425
2022-1-27,41,43,51,2024
2003-12-7,38,7,58,155
27-13-2023,53,50,37,1136
2010-12-1,2,0,25,139
2014-13-2,46,19,11,226
1997-12-24,6,38,47,2166
2003-12-10,14,15,53,1795
1998-4-16,55,24,54,1861
2002-2-5,0,6,21,755
,2,25,35,2010
2018-10-16,21,35,44,2336
26-12-2017,44,51,17,2070
2023-2-25,20,10,23,1975
1998-5-6,6,28,30,403
4-1-2003,22,50,38,2835
2012-10-8,8,57,21,1458
2003-7-31,5,16,52,1177
2006-3-9,10,31,30,440
2017-2-15,14,24,41,1434
2012-8-10,16,46,48,181
2003-2-12,54,22,2,1833
2020-8-11,26,8,14,346
2017-4-2,23,54,32,2817
2023-1-7,35,51,54,1444
2003-5-28,22,7,7,1317
2001-8-31,50,38,8,268
2023-2-10,55,46,39,1621
1999-5-23,52,3,58,1702
2022-1-5,wrlmzdiufq,14,36,1572
1999-12-21,32,59,48,1650
2009-7-17,16,54,45,613
2018-3-4,59,19,44,2063
2002-7-20,53,30,51,426
1998-10-15,54,56,3,647
2015-12-10,39,50,15,585
2021-10-8,31,26,27,2251
2009-10-11,2,23,53,322
1998-2-4,45,13,39,1792
2001-2-3,37,15,47,1110
2003-4-19,59,13,8,2313
2021-12-14,60,38,47,255
2009-8-13,4,58,56,2687
2005-11-11,14,47,1,2642
2010-9-21,47,40,8,1791
2000-1-30,7,23,27,480
2010-9-30,54,1,39,713
2006-9-8,48,29,46,1045
1998-9-8,33,31,50,2816
1997-7-9,29,36,15,183
2006-3-26,38,21,25,1021
2011-1-31,51,49,60,1441
1999-3-1,42,57,46,965
2008-8-7,58,3,9,614
2003-2-11,56,11,11,1498
2023-9-3,28,28,2,1933
2022-9-32,52,11,17,2471
7-1-2019,36,48,27,1897
2021-9-15,29,11,12,2247
24-12-1997,7,45,22,1013
2003-12-28,32,40,34,1357
2012-12-8,23,49,19,784
2012-13-13,30,4,46,231
2016-5-6,16,31,58,1104
2011-9-28,3,37,37,734
1998-13-10,56,10,33,2387
2010-12-27,23,48,1,502
2010-5-3,12,34,35,1198
2019-3-17,20,1,0,2313
1998-4-21,2,40,53,2222
2014-9-1,37,34,8,2498
2014-2-15,47,48,8,891
1999-1-29,55,12,44,1571
2006-11-10,38,36,27,2134
2018-10-16,6,29,25,2573
8-6-2010,46,36,42,1455
2015-1-25,49,1,23,1833
2017-12-17,6,55,17,2254
29-7-2002,55,13,40,1550
2005-10-28,45,46,40,109
2012-10-9,10,36,17,647
2018-2-3,49,29,9,1894
2001-10-29,17,34,12,2466
2022-13-1,34,56,23,2380
2003-4-19,21,54,44,469
2005-6-2,15,25,51,1536
2002-2-14,16,47,44,1365
2020-12-4,3,60,11,350
2006-1-14,12,6,42,423
2006-4-11,16,44,41,2488
2020-9-12,24,48,25,2993
2022-8-3,32,28,15,221
2000-6-1,10,51,13,995
2016-12-30,32,53,55,2337
2021-6-9,5,53,55,1287
2012-8-10,48,38,4,795
2017-9-32,2,4,50,2023
1999-11-9,45,49,16,1215
1999-10-17,20,51,25,573
2014-10-7,1,40,20,766
2012-3-3,45,59,36,397
2015-2-3,49,22,3,2529
2022-10-2,32,45,42,2965
2010-4-28,19,3,8,910
2006-11-3,44,9,23,1760
2010-13-17,45,14,42,207
2020-4-29,24,47,8,2211
2010-12-15,12,13,45,2255
2018-9-31,28,10,32,298
2020-12-14,46,49,8,460
,5,49,50,1838
2023-6-12,30,45,33,1303
2019-11-28,23,55,36,2721
2015-3-30,3,43,9,851
2021-11-23,29,32,32,508
2006-13-1,31,17,34,1703
2023-8-5,1,28,15,2398
2005-5-10,0,5,11,1456
2008-2-2,13,36,45,2683
1999-5-26,17,12,22,1342
2008-7-15,24,58,60,560
2007-10-25,39,31,55,1525
2002-11-16,9,49,19,2133
2013-1-28,15,31,19,1594
2002-5-6,27,18,25,1028
2022-7-15,28,32,19,2342
2018-6-9,29,17,16,214
2004-12-5,17,39,25,1183
1998-7-32,20,9,18,1481
2017-1-19,9,28,4,1435
2023-11-25,18,60,56,2045
1997-9-26,47,40,14,1704
2022-5-29,16,35,22,1605
2011-6-4,41,42,14,800
2007-6-7,46,18,3,2857
lowp,11,1,29,2649
2012-9-13,2,11,21,2864
2002-5-23,25,23,44,2978
1999-11-28,24,32,6,112
2013-6-28,34,44,25,2573
2017-7-16,34,59,24,1351
15-13-2016,29,28,31,356
2016-5-30,31,28,59,999
2014-4-12,45,23,36,2171
2003-10-29,41,47,23,1641
1998-7-6,20,59,24,1358
2012-9-17,30,47,38,2017
2004-4-25,30,7,anzxvlqvztq,120
2023-9-18,27,52,21,2672
2020-6-10,5,32,15,1958
2022-5-18,39,39,16,1154
2002-1-18,17,30,6,2483
2011-8-2,9,23,49,776
2003-6-8,35,39,27,1621
2002-8-15,54,37,27,656
2011-5-31,6,38,12,1671
2010-8-14,6,54,5,2798
1998-11-26,36,30,54,2801
2007-5-25,36,2,49,2648
2023-6-14,0,26,17,1479
2017-12-14,35,34,57,859
2003-4-24,31,39,50,761
2019-5-4,1,58,31,2132
2000-11-7,41,16,23,1637
2017-12-25,28,36,27,538
2011-10-22,49,39,44,769
1997-13-27,57,19,20,2638
2013-12-9,35,48,57,975
2006-1-28,35,23,29,2267
2004-4-10,3,41,25,2421
1997-13-12,58,4,28,677
2016-1-20,56,30,19,2452
2006-7-16,13,30,11,668
2014-7-8,20,26,16,165
2022-9-15,38,52,34,1229
2023-11-10,40,48,35,1619
2002-2-11,56,54,45,2123
11-2-2005,33,17,0,840
2013-6-19,37,53,57,2921
2009-10-20,36,18,13,2294
2014-11-2,47,3,58,1881
2002-6-27,48,48,2,1571
2011-8-15,42,10,13,1933
2018-9-10,60,28,53,690
2007-9-2,24,54,57,1514
2002-5-32,51,54,10,1777
2017-12-5,48,23,32,202
19-9-2000,50,10,33,2431
2002-5-22,51,28,11,2433
2000-9-16,24,27,59,966
2020-11-17,49,14,30,2607
2005-12-6,58,24,58,2292
2021-9-32,51,29,23,1657
2018-4-20,24,53,55,1528
2020-6-12,55,3,23,2739
2022-3-6,44,4,33,
2011-6-23,1,31,0,945
2009-9-9,5,35,56,2307
2019-13-9,34,33,48,2551
2019-13-27,22,5,53,2907
2012-4-26,42,30,37,2639
2001-10-6,42,58,26,347
2015-5-7,37,0,32,755
2008-3-20,58,27,23,2958
2022-12-10,58,25,15,165
2000-8-25,22,22,26,1842
2004-3-14,8,5,42,350
2021-11-17,41,16,2,119
2000-6-2,23,16,24,2328
2005-4-8,18,24,60,1185
1997-9-8,44,,60,2153
2003-2-21,38,17,17,854
1998-9-22,43,22,17,2016
2012-1-21,27,53,40,331
2017-1-27,2,57,34,595
2016-1-20,11,24,54,1994
2004-12-30,28,44,48,2819
18-6-2010,43,41,50,2900
2004-13-15,58,34,29,1590
2008-7-11,15,60,20,1064
2007-4-13,15,2,15,435
1997-5-16,38,50,60,2914
2006-13-32,0,37,13,105
2016-4-13,44,39,46,1887
2003-5-1,17,27,37,538
2007-4-10,0,5,31,2559
2007-6-30,46,6,35,498
2012-4-16,20,43,3,1897
1997-3-7,59,0,15,2176
2001-5-23,52,33,59,2797
2020-7-1,19,51,39,1181
2023-9-8,18,12,52,2312
13-6-2022,0,58,26,2478
2008-5-9,4,13,37,2261
2008-1-8,35,55,37,2443
18-6-2000,8,57,36,2934
2018-8-18,47,56,28,2092
2020-4-29,53,9,57,lbtxbki
2000-5-20,10,53,59,1643
2008-11-21,11,10,1,1436
2010-10-25,3,11,11,343
2007-4-11,11,34,0,685
2023-6-24,54,18,41,1501
2017-2-16,60,58,51,2340
2000-4-23,49,51,26,511
2022-11-10,5,33,1,1268
2002-12-25,2,0,52,1932
2009-2-1,6,56,36,287
2019-7-12,2,58,35,1280
2012-2-20,16,40,1,2542
1997-8-31,46,19,58,1531
2012-13-18,41,3,28,2600
1998-10-30,13,44,0,2936
2021-2-28,0,31,31,2766
2003-6-1,47,15,51,2767
1999-5-20,9,40,56,2883
2021-9-5,5,2,51,1726
2005-3-6,36,54,38,1741
2010-10-21,53,42,16,1510
2011-4-10,4,18,27,1746
2004-8-1,40,18,50,328
1997-13-1,29,22,14,867
2020-9-16,15,39,38,431
2014-9-1,36,18,1,641
2005-6-9,54,6,56,2660
2013-7-2,48,37,31,1761
2019-9-4,45,30,6,946
2008-7-12,3,5,53,2726
2018-10-20,37,17,32,2671
2022-1-22,26,38,43,2635
2010-11-3,28,23,,1877
2002-6-2,45,54,58,2260
2005-13-16,19,59,5,1220
2012-7-8,59,23,17,2347
2013-11-22,6,59,16,1584
2001-3-16,8,2,33,425
2020-5-7,37,28,22,2264
2022-13-15,40,43,30,2187
1998-4-25,31,28,9,984
2003-8-31,57,2,19,2808
2004-9-29,29,28,47,1068
peklltbe,26,38,5,361
2002-6-29,40,30,21,131
2006-2-15,39,52,,2146
2012-13-19,60,43,35,1809
1998-6-6,5,5,52,624
1997-3-27,5,38,30,339
2000-6-11,26,54,48,454
2012-7-14,7,15,54,1148
2018-4-12,57,36,14,686
2002-9-5,36,11,15,1502
2022-3-27,0,45,35,479
2013-6-27,3,0,56,1438
2002-8-12,20,46,57,158
2000-9-11,5,34,8,948
21-12-2008,47,29,29,709
2014-13-13,12,15,57,1966
2009-11-10,16,18,47,1957
2021-3-12,51,4,57,2827
2001-1-24,29,53,11,267
32-1-2003,51,45,10,2746
2009-1-12,33,37,52,2506
1997-13-21,12,27,27,968
1998-7-9,45,16,36,2815
2000-1-16,54,45,20,2403
1998-10-21,43,40,55,1929
2023-2-16,24,17,13,2654
2004-10-23,39,41,23,672
2014-5-27,32,38,12,619
1997-4-30,38,51,27,1584
2013-7-30,46,43,33,1152
2005-7-28,20,26,17,2851
2000-6-27,4,36,25,133
2003-1-6,46,3,23,2616
2021-7-16,51,60,40,2206
2018-10-31,8,31,49,777
2002-13-18,10,29,56,2510
2000-4-17,51,26,32,695
2001-6-22,38,54,9,1008
2009-13-27,51,3,24,1643
2020-11-29,7,40,35,994
2004-13-3,30,59,41,515
2001-1-11,37,21,29,151
2001-1-18,33,45,15,1388
2008-8-29,0,50,21,1484
2007-11-7,12,52,36,109
24-2-2000,30,45,28,771
2021-9-12,59,45,24,198
2012-10-31,55,44,9,2985
2008-6-1,26,39,19,2663
,51,55,6,1019
2018-4-9,19,19,10,1501
23-9-2004,16,0,19,1279
2011-11-8,20,27,50,1173
2001-1-20,37,41,33,1078
2006-11-8,13,37,43,1222
2005-9-24,34,11,48,2232
2007-8-13,3,12,46,2483
2022-9-28,34,8,22,1051
2003-10-5,46,12,42,1914
2001-3-14,1,37,58,1079
2010-13-32,21,57,22,382
1997-1-18,2,34,34,2918
2001-9-23,50,9,29,1822
2000-6-21,25,25,29,880
2009-6-12,21,12,53,2657
2004-6-20,35,25,49,2192
2020-11-30,8,46,39,129
2018-7-23,25,25,17,497
2000-4-18,27,29,49,323
2003-5-23,23,39,41,478
2015-4-3,17,22,20,349
9-9-2010,8,18,59,1568
2018-1-26,46,13,27,382
2016-2-4,50,50,50,722
2004-12-11,53,29,52,2246
2019-3-22,0,17,10,1244
2004-13-25,33,27,8,725
1998-6-3,19,0,7,935
2017-10-5,3,41,9,674
2016-4-23,33,26,15,267
2008-12-22,24,11,54,1737
1999-8-10,2,36,34,1293
2014-8-31,9,8,58,250
2008-2-10,34,40,45,1347
2014-8-1,58,7,59,
2002-6-7,32,12,43,542
2006-9-19,50,37,28,428
2012-2-25,35,50,60,1834
2016-11-8,6,14,25,1800
2000-8-17,8,11,35,2133
2012-8-10,58,10,42,587
1997-3-21,26,35,56,1595
2006-5-7,59,14,58,1175
2022-2-24,3,26,35,
2008-2-18,8,37,23,1190
2007-1-15,55,0,51,2288
1999-2-18,35,26,46,268
2011-5-1,57,12,12,149
11-8-1997,2,26,30,1421
2001-8-29,58,39,25,2084
2018-10-3,51,5,45,1265
2008-4-16,2,26,56,2880
2005-4-17,55,47,54,1273
1997-2-13,1,4,23,2331
2014-13-27,43,34,34,1056
2019-9-3,17,54,30,367
2005-8-18,37,42,49,1478
2021-1-30,42,48,1,895
7-4-1998,49,21,6,2657
2010-13-8,30,13,6,2047
2007-4-25,18,55,24,1737
2005-13-32,12,47,48,2825
2008-7-21,24,42,40,128
2017-10-13,17,45,56,1971
2002-4-7,26,24,3,2506
2007-1-27,14,0,15,1841
2008-2-18,1,40,0,2548
2018-3-4,46,6,7,1619
2011-6-15,12,35,23,1127
2001-3-5,15,53,18,1874
2022-6-9,27,21,15,866
2016-13-15,50,34,57,673
2000-9-27,11,25,11,1508
2005-10-8,33,11,14,2551
2004-1-18,40,3,60,1398
15-7-2015,29,28,41,2410
2022-9-25,30,29,22,950
2013-1-28,33,24,3,511
2005-7-32,30,48,39,2642
2020-6-24,18,33,54,1073
2003-3-12,17,34,33,2184
1998-5-8,13,4,58,2880
1999-13-32,48,20,16,243
18-6-2014,47,4,14,1682
2020-13-5,24,36,6,2454
1997-5-30,1,25,26,1258
2017-13-18,7,19,39,199
2013-8-16,26,48,13,2444
2016-13-18,54,34,41,1348
2020-6-5,17,54,25,2364
2017-6-26,42,4,59,2600
2008-6-24,11,57,49,1382
2011-10-4,0,13,31,2997
2006-11-5,37,44,21,1977
32-5-2015,34,6,15,2604
1997-3-22,9,59,41,1275
2013-12-29,24,45,9,1692
2005-6-26,29,33,33,303
2022-9-10,44,27,23,722
2006-5-30,57,23,17,803
2012-4-1,45,47,15,1758
2013-5-29,57,23,49,1195
2017-2-18,45,51,11,2334
2019-7-9,50,27,48,2003
2020-13-6,6,eztzdi,38,2923
2021-12-30,56,56,35,1885
2012-8-15,8,56,18,586
2011-12-21,31,40,22,2198
2000-13-3,35,55,12,563
2006-3-29,30,3,21,2688
2005-11-19,29,9,45,1830
2009-5-31,19,59,12,2878
2004-1-28,52,38,3,1399
2015-7-8,20,10,10,1223
1997-2-13,25,4,51,2299
2001-3-21,38,47,38,2798
2021-6-3,47,27,1,694
2008-1-24,26,20,8,100
2022-7-8,26,21,29,782
2002-8-1,25,2,18,1583
2007-10-16,6,33,30,513
2002-1-10,36,38,4,2990
2015-12-22,60,13,22,1790
2023-12-17,34,45,11,2871
2015-10-2,39,24,49,2088
18-9-2003,14,6,23,2178
2019-12-4,6,25,34,2635
2018-12-19,18,60,5,2321
2010-6-26,40,44,40,743
2009-11-1,26,15,20,2449
2018-7-5,14,23,24,2036
2002-2-8,25,9,22,1803
2002-9-19,2,38,15,2804
2020-10-2,19,3,47,173
2022-1-11,21,49,41,2655
2003-4-6,4,47,38,2057
2007-10-9,52,9,51,1054
2006-3-7,28,47,36,789
2013-11-32,46,37,4,309
2016-3-20,47,40,52,2281
2000-8-14,21,37,21,2488
2014-4-21,12,35,25,651
2005-10-14,38,49,20,2155
2014-7-25,8,22,24,213
2011-4-2,54,44,23,2866
1998-4-8,49,44,36,2684
1997-2-2,26,34,33,505
2013-2-19,13,47,17,1479
2016-8-21,58,31,31,573
2014-13-28,18,46,51,1042
2000-9-19,18,3,49,231
2019-10-5,23,32,43,1417
2011-3-1,34,20,40,1261
2013-4-26,7,34,42,790
1997-13-28,13,33,18,1975
2005-9-21,59,37,13,2684
2015-7-7,20,10,52,1024
2016-11-32,1,34,38,1350
2010-12-29,11,1,34,775
2004-9-28,55,5,52,1076
2020-9-32,23,29,42,2416
2002-8-12,12,50,19,2962
2023-6-16,3,,15,2686
2004-10-19,3,51,46,1046
,36,48,15,1078
2002-6-20,59,29,17,1790
2017-9-32,29,3,44,2261
2020-5-22,27,13,43,2898
2022-13-26,57,19,9,454
2010-3-9,13,22,17,389
1997-10-1,27,18,31,1178
7-2-2003,34,18,46,1742
2005-8-24,33,40,44,1116
2017-1-24,33,31,49,2990
2000-7-12,26,16,56,1560
2010-1-20,34,40,1,2879
2008-5-31,12,60,2,2596
1999-8-16,55,13,38,2623
2004-13-27,23,37,9,2491
2017-6-5,19,12,21,2008
2002-1-30,27,14,50,2319
2020-8-20,34,43,52,2019
2006-8-30,16,44,51,668
2001-13-19,4,2,32,140
2022-8-27,49,20,43,2073
2015-11-29,3,0,6,1753
2020-7-29,21,2,11,2841
12-13-2013,15,42,51,1206
2017-9-1,19,21,,1011
2003-13-4,gukefdndmypw,59,5,1196
1997-4-8,21,43,37,356
2006-11-32,53,46,14,2372
1998-7-16,28,42,56,2544
2013-2-7,50,8,15,1612
2004-2-7,34,12,35,1743
1997-7-26,33,54,56,202
2002-8-4,34,14,29,2214
2011-8-31,32,14,27,878
2003-1-4,45,9,45,392
1998-12-17,26,58,43,1916
2008-4-17,10,36,14,796
2012-7-15,13,28,58,2829
1997-2-26,21,53,9,104
2007-1-1,6,18,15,377
2014-10-3,19,8,54,1719
1999-11-17,1,56,13,2656
2000-13-5,60,40,28,2712
1999-8-25,59,52,22,1915
2008-4-7,0,45,24,1347
2023-4-30,12,31,17,249
2021-7-12,51,16,37,325
2019-4-5,15,0,21,670
2004-10-20,29,3,54,1916
2023-11-10,52,55,41,1159
2002-7-32,19,52,14,751
16-4-2016,31,59,22,1551
,47,29,42,2777
2015-10-9,47,39,46,2609
2005-6-1,5,1,21,2447
1999-7-6,28,57,1,2085
2017-8-4,29,12,56,2023
2019-7-20,39,60,qumlf,2348
1998-10-23,17,7,36,2662
1999-6-7,42,8,39,582
pnnp,11,43,18,2835
12-3-2016,32,7,35,426
2005-2-21,40,6,55,337
2020-10-17,30,37,28,2726
2005-1-20,32,18,48,884
2015-3-2,55,54,26,2526
2021-13-1,40,41,39,1027
2008-9-27,22,22,13,2302
2012-3-19,46,44,17,1616
2019-13-23,44,23,,1069
2001-11-20,32,56,45,2126
2016-4-26,9,8,7,2694
2007-3-4,43,36,38,1666
2003-12-18,30,48,45,1409
2009-3-22,29,30,26,2612
2012-5-18,3,6,30,186
2013-5-26,57,18,36,335
2008-8-29,44,32,47,2940
2017-11-30,4,40,32,2826
2009-13-23,23,18,56,874
2006-3-9,6,9,22,2909
1998-7-15,2,32,38,276
1998-6-13,21,59,38,277
2019-7-3,24,19,12,313
2005-13-17,1,49,42,2654
2006-8-11,22,56,0,2425
1999-8-22,10,57,46,2064
1999-13-21,23,0,14,2949
2015-1-9,5,25,27,1971
2015-4-17,60,34,32,1419
2009-6-15,29,60,16,1777
2021-8-23,36,39,55,2982
2006-11-5,14,29,56,2709
2016-6-22,44,38,2,2553
2022-11-27,53,32,33,1315
4-13-2011,24,31,49,890
2008-4-8,11,28,4,1241
2017-8-26,39,51,41,426
2004-3-2,15,13,34,666
2005-13-32,29,32,57,1395
2020-3-5,22,24,13,2057
2019-8-23,23,33,10,2355
2023-1-13,57,34,54,983
2022-2-25,40,37,2,
2003-8-13,44,22,33,1305
2021-13-17,27,4,20,1558
2023-9-32,15,32,27,1484
2019-4-13,51,1,30,1050
2008-10-24,6,2,45,179
uszz,6,7,17,2169
1997-8-19,39,49,32,2054
bnqddskkrwbr,16,47,32,1630
2023-11-27,17,3,56,892
1997-1-9,30,59,58,1164
2001-1-27,39,36,59,1197
2018-8-26,18,3,26,2697
2018-1-32,49,43,12,2735
2002-7-27,27,41,43,1970
2007-3-7,41,4,26,2725
2021-2-29,7,8,56,2319
2002-4-6,15,38,18,2620
2010-2-23,31,49,0,1693
2017-7-9,18,51,18,1612
2008-4-14,30,,33,750
2014-4-27,52,55,60,1349
2023-5-15,27,44,38,1920
2004-8-21,58,45,38,2094
2008-5-18,10,33,57,1767
2010-11-27,13,12,25,1769
2008-11-19,26,56,55,2837
2020-2-12,40,41,33,864
2005-4-25,34,30,52,2869
2004-8-17,19,2,29,2506
2004-2-27,25,3,19,2692
30-11-2008,29,42,12,873
2015-10-7,45,57,48,1754
2005-9-15,5,1,12,1462
2011-7-21,40,32,40,106
2015-8-1,11,10,13,1162
2008-11-6,20,6,43,1086
16-6-2021,15,vewixcnmjd,46,310
1-8-2021,11,43,2,256
2003-10-26,34,7,32,2921
2010-1-18,32,59,4,2128
2015-1-1,24,53,60,2191
2016-1-13,49,15,49,200
2003-10-15,19,11,12,1884
2014-11-17,23,0,18,792
1998-12-5,47,52,32,1135
2009-4-21,14,57,46,1239
,26,14,34,2900
2009-6-24,51,25,35,863
2002-1-8,21,30,41,281
2002-3-21,48,8,15,1227
2014-4-3,10,59,43,2514
1997-8-29,60,9,54,1588
2000-3-20,21,29,54,2958
2013-9-32,21,39,42,1269
2019-5-15,17,44,57,1882
2017-10-26,5,11,47,728
2010-11-31,9,56,16,2982
2009-7-20,44,9,39,2206
2013-10-24,52,34,44,775
23-7-2006,24,22,13,1862
2012-7-11,31,12,31,175
2018-7-11,41,48,41,2059
2001-7-29,22,44,41,1557
2015-1-12,23,4,37,1787
2002-5-12,46,33,51,1801
2011-12-9,44,48,51,299
2022-3-29,9,48,39,2603
30-8-2001,5,49,49,2222
2003-7-1,49,12,5,1330
2012-13-25,16,37,58,2267
2019-3-7,45,16,2,904
2013-5-26,22,46,3,2927
2019-10-3,46,4,1,1834
2015-9-12,12,35,23,2475
2007-12-21,19,59,46,1202
22-13-2003,49,2,44,2194
2013-8-20,37,18,47,2654
2001-3-32,43,20,41,2933
1998-10-16,1,59,5,2368
2007-8-11,3,33,38,1043
2015-8-9,19,1,48,143
2003-10-19,6,38,51,974
2003-2-12,25,33,33,1979
2007-1-22,59,56,20,1434
2012-13-27,40,6,2,1982
1998-8-27,44,51,26,450
2002-8-17,40,27,29,2978
2014-4-22,33,33,21,1767
2011-1-18,2,29,49,946
2022-7-23,44,6,22,2380
2000-6-2,24,1,22,2371
2010-7-5,7,18,40,348
2021-2-14,59,33,54,1385
2002-7-22,30,59,4,144
2000-2-14,37,39,35,1122
2021-10-27,14,33,43,1440
2009-2-11,25,42,40,1995
2012-9-19,37,53,23,2324
2006-3-11,24,7,27,2720
2022-11-4,57,3,59,597
2001-13-30,21,0,32,1416
2014-7-14,25,40,44,1205
22-11-2015,33,39,18,922
2004-7-10,57,0,27,374
2005-10-4,14,47,33,2274
2019-3-12,32,51,38,663
26-8-2012,17,4,1,665
2023-2-22,15,15,50,2248
2011-13-29,44,26,50,1335
2013-5-11,11,2,58,1692
2013-2-15,15,28,49,1420
2015-13-12,37,24,2,594
2005-8-12,51,24,7,2972
2007-4-26,26,40,51,642
2006-10-24,31,1,14,2901
2004-7-20,56,24,8,1694
2007-9-11,52,57,8,2864
2005-11-15,31,31,57,upgng
19-11-2014,30,51,doumcqoqtwg,394
2007-13-6,47,5,23,1355
2020-8-22,2,13,4,1308
2018-5-24,25,58,33,291
2007-2-3,27,25,29,225
2013-5-4,35,56,38,2999
2022-13-28,45,59,52,188
2014-10-1,22,9,51,427
2016-5-32,,28,52,2276
2006-7-16,52,32,59,1236
2001-12-24,16,23,30,1134
2016-13-32,46,31,29,2450
2014-13-17,14,36,3,1010
1999-10-4,53,15,21,2605
1997-5-24,22,19,1,2067
2001-9-6,2,46,2,893
2022-9-3,39,36,44,1481
2010-10-12,56,31,60,1136
2008-13-8,32,18,27,1861
lgypevk,52,27,19,1838
2018-1-29,42,22,22,1592
2011-9-3,44,49,25,562
1999-5-32,36,57,1,800
2008-1-31,27,25,33,2119
2011-2-28,2,54,28,685
2000-4-5,52,22,26,1761
2002-13-30,21,50,49,1094
1997-5-7,55,28,1,967
2016-8-17,53,24,54,172
25-9-2005,55,10,20,190
2013-5-9,22,40,18,1798
2016-13-5,27,39,21,558
2006-8-9,18,1,60,2519
2017-3-8,20,30,36,1924
2015-8-31,18,1,15,758
2017-1-23,4,14,16,1648
,18,19,31,218
2000-11-9,0,51,57,444
2020-11-16,0,qvkv,28,1400
2018-13-19,22,17,57,2874
2000-11-16,34,41,6,1222
2000-6-15,58,46,56,1973
2017-1-2,39,11,52,2459
2002-5-26,25,27,17,749
2000-4-1,10,48,20,2320
2022-12-26,14,7,53,1286
2020-9-26,43,14,20,569
2007-13-26,59,43,49,581
2016-2-19,39,11,56,1941
2023-8-12,53,45,40,1116
2023-6-25,24,51,9,428
2015-3-26,51,19,59,739
2011-13-25,58,1,25,1354
2014-13-2,39,59,50,2443
8-7-2016,40,29,49,802
2013-12-16,2,18,60,1021
drq,42,2,3,635
2019-8-19,13,35,12,537
2013-6-23,29,3,42,941
31-10-1997,2,38,8,1054
2015-4-4,55,48,60,922
2005-3-4,26,20,55,2719
2004-11-16,39,6,16,1572
2022-9-20,51,10,50,1433
2006-6-1,6,50,29,373
2005-13-3,43,38,24,1391
2003-9-3,56,19,50,779
2000-1-24,49,44,33,1206
2011-8-5,60,43,15,2016
1-9-2003,19,16,40,830
2002-6-18,25,53,49,1830
2012-5-12,20,57,5,2202
2013-5-7,37,25,24,1314
2001-11-11,28,1,60,1072
2015-5-19,53,11,32,1969
2016-7-5,21,vqvmwcrrz,48,1411
2001-7-14,46,20,52,1092
2002-2-28,10,4,55,2235
2019-5-25,28,39,43,220
2023-12-27,50,5,20,2066
1997-10-18,55,22,11,343
2006-9-23,34,22,39,1898
2002-4-8,46,5,33,1480
2000-10-25,8,33,34,2873
2008-7-2,36,31,11,1401
1997-4-11,25,38,20,1191
2018-7-19,29,9,50,839
2018-11-17,22,3,53,2324
2020-10-3,44,46,38,560
2005-8-12,57,27,1,1490
2012-5-10,9,17,16,735
1998-7-10,13,9,53,2282
2017-13-18,10,44,38,2131
26-13-2002,19,46,31,2440
2016-1-14,10,34,1,1010
2016-7-8,28,39,30,1916
2014-8-19,12,34,8,2875
1997-5-20,14,20,39,714
2013-12-21,50,46,1,1943
2015-8-8,40,30,6,860
2019-1-29,14,26,10,2573
2004-11-29,28,6,43,1239
1997-7-25,15,12,52,1319
2019-3-18,39,22,26,426
2015-4-11,3,34,7,1871
2018-9-11,41,4,11,2850
2007-13-16,31,33,34,2641
2017-1-21,24,18,32,1165
2016-7-7,32,32,20,2413
2002-7-28,34,9,29,993
2000-4-22,35,25,5,2728
2012-3-10,18,0,57,2607
2013-1-5,25,4,45,1368
1998-8-17,20,38,4,988
2009-5-10,43,1,23,1513
2019-1-14,35,11,36,1294
2009-10-21,28,1,48,1047
2019-13-29,55,56,12,317
2015-7-2,21,50,2,2840
26-6-2009,37,55,31,789
2015-3-1,50,4,54,2081
2009-9-32,33,41,18,1573
2015-10-25,2,18,42,689
2012-9-29,46,53,21,2313
2008-8-13,51,12,53,2015
2001-1-31,4,2,37,1258
2018-9-11,54,45,37,2776
2001-1-22,58,52,49,1927
2023-3-29,44,40,23,2511
2001-3-6,44,17,40,2363
2015-9-24,36,43,14,2272
2018-13-19,10,33,38,1781
2007-9-30,31,29,27,1708
2018-8-12,25,39,20,996
2001-6-24,39,34,23,549
2003-6-24,17,60,23,1953
2022-11-1,24,27,21,2355
2010-6-4,54,46,28,727
2007-5-28,55,51,53,515
1999-3-1,34,2,42,167
11-12-2012,40,2,39,104
1999-3-3,39,30,39,1662
2013-7-13,31,21,55,1272
2006-6-6,31,57,28,886
2019-13-21,55,44,20,1631
2002-10-17,25,9,1,2474
2011-6-27,25,20,56,1973
2001-10-16,49,16,32,1379
2002-7-3,20,4,49,2657
12-9-2001,41,45,31,709
2005-3-25,55,57,22,1673
2013-13-21,46,24,36,803
2020-4-25,57,44,12,2971
2011-8-18,20,8,8,1715
2015-4-3,35,21,15,2222
2005-2-17,6,28,36,2648
2015-13-12,50,45,28,1084
2012-4-17,26,8,5,543
2000-5-3,2,52,10,1518
2009-4-2,47,35,5,1488
2000-5-12,51,50,4,2161
2023-7-22,45,52,34,2802
2010-12-25,21,34,3,613
1998-13-23,9,11,42,1177
2006-3-19,53,25,6,1115
2010-3-17,15,15,39,2358
2019-7-12,58,40,34,1902
2017-13-3,14,9,58,1824
2001-12-11,38,17,21,1222
2011-12-3,2,34,0,1680
2002-7-12,55,0,6,1089
2013-4-11,39,34,55,1714
2008-6-18,5,54,43,775
2012-9-20,22,57,48,2979
2020-2-26,3,30,3,1628
1998-13-16,20,10,47,1181
2008-6-26,38,43,3,489
2010-7-14,53,8,7,1965
2010-6-2,2,37,13,1888
2023-6-15,8,0,52,1481
2000-3-30,34,38,57,2272
2005-4-18,0,35,39,1770
2006-1-9,11,52,18,349
2006-5-10,21,idaajwryvsh,19,2963
,42,46,2,880
2000-12-25,12,47,14,2390
2014-13-4,0,53,23,1019
2000-11-10,57,56,32,850
2002-12-17,37,18,23,370
2012-8-14,42,9,57,2621
1998-9-12,47,15,27,2393
2005-12-3,20,30,25,2257
1998-12-18,57,5,57,1226
3-8-2005,58,21,59,1936
2012-8-5,51,36,60,2137
2005-11-19,40,1,38,1234
2001-5-5,57,20,28,422
2021-3-6,19,9,41,1030
2006-2-6,0,10,49,453
2022-9-2,42,11,2,1247
2021-3-6,46,34,16,276
2023-3-11,42,30,35,660
2001-9-2,5,54,16,636
9-11-2007,39,3,60,1882
2005-12-1,23,19,42,2294
2016-9-32,48,50,5,463
2017-11-6,30,33,28,792
1999-9-30,52,57,15,2392
2019-4-25,29,53,9,172
2006-7-25,23,34,45,2486
31-3-2010,xprdmhkmt,22,46,2180
2015-2-17,20,45,36,583
1999-8-18,37,8,5,179
2013-11-26,34,4,2,2863
2019-7-16,28,50,14,2292
1997-3-26,58,24,50,2183
2015-1-30,41,8,53,1453
1998-9-13,49,22,55,276
2023-7-16,31,42,56,2548
1997-10-30,12,33,10,2066
1999-8-15,14,36,5,2220
2020-10-26,52,13,40,264
2005-1-25,45,27,13,2708
12-8-1999,46,59,32,2371
2005-2-24,34,41,19,1563
2013-5-29,13,34,33,1028
1997-1-16,2,55,59,2582
2005-8-7,6,24,47,2349
1999-9-20,50,50,52,662
1999-4-23,54,17,47,1216
2005-7-11,33,25,50,2701
2001-12-21,1,51,8,1306
2013-9-26,50,31,19,681
2014-1-5,21,57,39,2152
2005-1-13,52,0,26,1217
2007-7-3,45,20,40,655
2005-13-6,23,32,48,609
2001-10-11,14,22,25,2020
2002-13-31,12,41,37,1726
2009-12-29,41,40,1,1298
1998-8-22,11,39,34,2731
2023-11-11,7,17,41,1356
2008-11-8,60,58,4,1728
2011-10-30,3,30,48,2902
2012-6-26,7,59,18,2518
2004-9-20,23,47,41,1939
1998-2-17,15,8,10,2597
2015-9-31,32,16,34,2808
2004-12-3,21,1,0,bulrytiuigcx
2017-13-15,60,53,22,2350
2002-5-30,9,55,60,2189
2004-5-6,55,51,28,692
2008-5-9,32,19,15,2089
2010-7-5,56,16,36,1786
2018-6-12,28,57,13,870
2020-2-26,34,50,59,826
1999-7-15,50,52,46,740
2003-2-9,28,49,5,1085
1997-1-2,48,32,27,2311
2011-10-20,53,37,48,191
2004-9-11,43,43,49,1720
2009-5-12,10,25,18,576
2003-12-3,33,5,,1629
2015-7-19,41,,44,2668
2010-1-12,51,47,15,780
2013-11-18,5,8,9,1299
2015-1-27,17,43,55,2152
2000-5-13,44,6,54,2272
2017-13-23,,6,16,810
2012-4-26,31,57,31,2503
2012-8-14,37,27,28,837
2009-12-26,40,14,6,2568
2001-3-25,20,51,7,172
2004-5-4,12,59,52,2847
2015-6-8,17,53,3,1542
1998-4-22,47,43,kpztgt,1194
2000-3-22,33,13,57,1167
2010-11-5,28,31,42,561
2002-8-27,12,22,4,2456
1997-10-21,33,33,15,2295
2019-6-4,37,2,11,1318
2023-3-10,55,3,53,471
2017-8-16,31,24,8,2502
2023-5-31,31,31,47,2883
2002-8-7,29,29,15,2038
1997-7-12,59,30,58,2925
2012-8-22,10,58,48,1611
2013-5-2,57,45,3,1387
2019-11-30,11,13,54,1886
2017-6-13,54,51,23,2150
2020-4-15,5,52,35,1169
2020-7-11,13,22,24,2667
2006-4-3,8,0,12,422
2007-10-26,56,59,11,281
2004-3-8,47,13,52,1406
2013-7-2,24,26,57,402
2005-3-31,7,17,50,1976
2021-3-22,21,59,6,2392
2022-11-4,8,24,28,414
2006-3-4,28,9,20,1982
2015-12-27,33,30,18,340
2001-8-1,25,4,29,572
2009-7-28,34,58,51,2926
2002-1-14,34,6,14,682
19-1-2012,56,14,2,2982
2001-4-8,0,6,51,2092
2009-10-21,40,53,60,1771
2022-8-18,16,3,57,1016
2008-3-7,41,58,1,1647
2002-4-9,15,1,5,411
2001-10-4,52,8,1,2740
2006-6-15,34,25,50,2901
2011-4-15,47,23,27,2933
2013-13-14,11,20,53,1757
2010-7-21,40,21,20,2630
2012-4-8,59,19,5,935
2007-12-1,45,51,11,2428
1999-13-25,50,10,1,468
2011-9-6,52,40,58,1743
2008-11-8,42,30,24,1384
27-4-2012,9,60,22,570
2009-8-11,44,15,28,1424
2018-4-8,35,40,40,1614
2015-5-4,16,36,27,332
2012-13-19,50,58,14,1320
2002-11-19,59,27,36,702
28-10-1997,41,13,48,2281
2013-3-27,32,47,51,2199
2008-10-10,51,17,51,1843
2001-10-26,6,50,25,1539
2021-10-20,41,51,39,345
2011-6-31,1,19,22,1048
1998-5-22,13,17,43,2582
2018-7-18,3,53,14,1674
2005-1-20,47,58,20,908
2005-13-31,32,48,38,1213
2009-11-28,25,9,9,2019
2001-10-18,25,40,0,483
2015-12-6,42,36,27,1005
2009-2-5,25,59,20,3000
2019-3-31,8,3,52,1217
2009-9-2,29,14,27,737
2016-13-11,60,43,51,1902
2010-6-29,55,53,33,452
2005-13-5,54,7,29,268
2012-2-28,25,51,37,225
2000-3-22,46,19,31,552
17-6-2013,54,59,0,1073
2009-4-5,16,41,5,578
2004-5-13,55,25,30,1273
2004-6-10,43,3,23,960
2011-4-19,28,35,8,1802
2011-9-28,14,59,47,406
2017-9-20,1,44,49,2737
2009-13-13,2,7,28,169
2000-4-1,18,47,42,2843
2007-8-9,59,47,44,1242
2009-10-11,52,19,41,2864
2009-13-24,58,35,19,lkszaazfhv
1997-4-15,30,10,10,257
1998-1-5,39,47,54,1862
2011-11-7,59,1,10,2522
2007-4-18,37,31,8,821
2002-2-21,36,59,55,2525
2016-4-28,56,33,7,926
2003-5-12,22,38,49,1865
2010-4-7,39,1,21,427
2003-6-23,22,38,26,603
2000-10-21,22,6,25,1826
2014-12-1,14,41,30,2403
2015-3-14,7,23,31,2326
24-7-2009,37,31,2,119
2017-4-17,41,30,21,2733
2016-7-6,23,18,3,1653
2016-12-7,2,4,54,1425
1999-11-10,9,42,51,2469
2004-4-27,15,5,1,1917
2020-7-32,0,46,43,100
2004-8-24,31,1,46,1802
1997-4-19,37,51,15,2533
2005-2-2,39,59,56,2439
2000-10-5,6,28,49,1018
2002-1-3,6,26,39,2742
2000-6-14,26,19,49,2998
2011-3-29,36,55,27,349
2000-7-10,16,9,9,416
2011-5-32,39,53,26,2472
2009-4-6,28,7,5,1826
,32,49,40,1300
1998-7-21,29,20,15,2096
2012-11-1,41,20,42,2992
2003-13-7,35,28,37,2367
2007-11-17,55,7,38,1227
2018-10-3,30,25,7,805
2022-11-4,9,43,34,2723
2019-12-25,8,32,54,2078
2016-9-29,30,3,46,1473
1997-9-6,27,9,39,2304
2022-11-3,22,33,6,1958
2019-3-2,32,50,8,1799
2007-12-24,59,37,15,2236
jnqc,36,3,10,744
2012-6-19,7,60,14,2514
2005-4-26,22,25,32,442
2006-10-6,19,42,49,2289
2002-4-4,16,50,60,417
2009-8-16,16,23,8,2619
2020-1-3,30,34,48,2918
2023-13-14,10,18,53,2619
2003-11-7,52,34,55,1532
2015-5-14,2,57,0,650
2020-7-18,9,42,49,1493
1997-11-16,56,56,26,2048
2019-11-27,25,29,52,2533
2002-13-25,13,cgbzubpnp,49,1678
2011-11-31,49,25,23,2265
2003-7-18,6,20,25,2450
2020-10-20,10,30,2,829
2004-5-18,26,36,7,2852
1998-2-17,52,0,6,1727
24-6-2010,33,20,34,1099
2012-9-4,9,45,9,832
2014-12-13,29,57,30,580
2001-5-15,35,43,56,1317
2019-4-13,32,29,8,1283
26-13-2001,38,53,20,1573
2007-9-22,16,26,57,273
2011-7-2,19,60,45,1908
2018-1-12,37,2,42,2744
2019-6-16,38,15,27,613
2000-3-11,60,31,vybnjruon,968
2007-1-22,56,34,6,217
2012-3-5,17,20,58,554
29-4-1997,7,57,18,293
2012-3-2,32,18,53,1284
2023-13-17,17,42,11,1620
2014-2-13,56,2,19,1099
1999-9-6,19,19,52,697
2016-10-17,11,59,22,711
2017-4-26,30,4,60,2344
2010-3-20,60,45,44,2489
2021-9-29,29,3,43,1576
2021-9-12,19,13,44,2337
2023-6-29,29,25,3,1901
2014-2-19,38,16,57,2690
2020-12-24,20,36,9,528
2022-9-30,18,8,33,445
2007-1-17,49,11,22,283
2014-3-14,47,16,40,1076
2019-7-17,32,24,10,1777
2021-4-28,48,6,45,582
2022-11-2,46,yrqwtl,3,2399
2018-5-5,11,43,52,2667
2013-5-13,36,50,49,166
1998-5-3,23,44,5,619
2016-12-3,33,1,45,1560
qptxrtjqfwf,8,22,55,1063
2012-6-9,7,34,44,304
2014-5-10,48,26,34,1270
2009-3-18,40,35,34,638
2006-4-10,21,39,56,2521
2001-10-30,27,hrsbcnmjpbz,12,869
1998-6-12,31,43,17,1311
2022-1-23,59,53,50,320
2023-2-20,4,10,60,2946
2004-8-7,19,50,12,569
2004-13-7,6,49,46,971
2009-9-1,59,30,57,2574
1998-2-19,21,11,29,106
2005-3-22,9,5,27,1419
2012-7-30,15,36,40,120
2014-12-19,28,2,20,1511
2011-13-31,53,56,23,2945
1997-4-29,22,36,57,xxaot
2023-9-15,15,46,31,2001
2003-3-15,14,15,35,166
2005-6-1,17,18,17,507
1999-1-15,44,7,55,2028
2013-4-8,4,2,3,1017
2013-11-30,34,36,35,1710
2017-2-18,11,32,3,2052
2013-3-16,46,43,44,2941
2004-6-15,24,22,47,1514
2018-4-26,49,28,38,1121
2022-4-25,0,46,18,876
1998-8-24,53,56,31,2244
13-1-2001,48,57,26,2203
1998-3-28,7,20,16,2771
2013-2-23,30,46,59,1479
2021-11-32,15,41,50,1043
2009-6-8,11,41,55,1077
2023-8-31,11,36,22,2195
2010-3-20,9,16,8,1447
2008-3-12,22,4,30,1381
1997-12-9,3,60,2,1235
2017-6-12,17,20,31,1642
2017-9-18,15,17,21,1361
2008-5-13,38,33,3,1575
2011-5-31,14,0,27,2381
2018-2-11,57,43,39,2801
2006-6-13,48,14,58,2796
2015-5-28,11,27,28,436
2002-7-11,59,6,37,2617
2006-6-16,44,48,34,2336
2010-13-23,36,58,10,507
2009-8-7,11,19,31,2227
2021-2-22,48,15,5,251
1997-5-31,11,59,,1154
2014-1-11,55,56,10,159
1999-5-9,18,44,54,456
2005-13-31,36,31,7,992
2003-3-2,39,34,41,1927
2011-10-22,30,59,33,2800
2001-6-5,47,20,52,1347
1998-8-12,32,34,24,2405
2023-1-24,15,29,48,2686
2014-3-7,39,24,53,1631
2001-10-3,39,8,23,1218
2009-13-24,0,27,13,2869
2023-5-14,8,47,18,252
2012-9-23,59,40,2,1879
2017-3-19,14,43,14,308
2006-2-11,49,59,36,397
1997-13-22,9,30,2,955
2015-13-1,11,54,4,2944
2008-7-21,28,25,42,1288
2011-11-9,59,32,55,1170
,28,47,41,1666
1999-4-5,4,52,35,2670
2002-4-13,29,30,55,1885
2002-13-1,28,6,51,1317
2012-10-15,51,42,46,978
2007-5-22,29,53,3,697
2015-8-15,11,5,57,2707
2006-10-8,4,2,4,726
2023-13-21,15,54,20,902
1999-2-21,4,10,32,2977
2010-1-12,39,51,52,2564
2013-3-29,10,31,20,490
2022-5-6,10,16,48,875
2018-1-5,34,30,47,2216
15-5-1999,31,19,23,2065
2010-7-16,40,6,56,2819
2021-3-10,50,54,23,2122
2016-4-7,wfgukdzmtxqn,59,18,2055
1997-2-26,23,13,32,2416
2020-1-18,55,60,0,974
2023-3-28,26,49,34,2100
2012-8-13,10,18,7,1429
2000-2-29,3,19,41,2502
1997-3-21,17,47,12,1598
2023-2-6,11,16,59,2680
22-7-2000,53,34,27,1881
2023-2-17,37,39,60,1958
2015-13-24,20,26,25,1956
2017-8-16,32,19,24,1293
1999-3-32,12,1,4,1161
2002-3-1,lgeyuhwnvw,11,28,2311
21-8-2002,9,40,29,685
2008-1-26,18,27,43,1279
2017-13-9,53,51,46,2662
2013-2-7,54,46,53,1956
2014-4-6,12,11,28,1374
2009-12-5,43,51,16,877
2020-11-9,21,54,30,606
24-4-2001,4,24,41,289
2009-7-11,20,4,54,2917
2002-13-5,40,46,48,2504
2009-2-10,6,32,npqjwucwfsq,2774
2003-11-9,43,38,50,1863
8-5-2023,40,21,47,2832
1999-7-3,7,7,45,767
2020-4-18,36,9,48,2587
2019-1-24,54,27,36,861
2021-8-27,53,1,22,2106
2019-3-5,27,47,43,317
2005-8-5,20,52,32,615
2016-7-13,29,0,16,1354
2015-11-20,54,42,50,1621
2004-11-16,28,38,24,1922
18-10-2014,39,48,27,1333
1999-9-29,55,17,29,2993
2021-13-21,31,14,20,2682
2012-9-27,5,23,9,2572
2015-11-19,39,55,18,239
1998-10-11,27,51,44,1780
17-13-2009,59,42,14,2852
2016-6-2,47,12,17,2270
2003-1-2,28,19,24,1987
2000-8-24,0,11,42,2686
2007-10-1,45,32,42,2689
2001-9-1,16,20,29,1482
2011-3-26,21,11,23,436
2005-5-30,59,49,5,641
2005-10-16,42,7,9,2453
1997-1-21,57,3,15,2389
2005-8-28,46,kbn,29,312
2016-3-11,13,38,14,1388
2016-5-7,19,28,15,1034
2001-4-14,16,41,21,2322
2000-13-30,32,12,12,227
2003-13-32,30,31,12,1069
2011-3-14,17,26,34,2686
2017-13-21,47,25,17,2007
2014-7-5,41,49,60,1329
2006-10-7,29,25,42,2758
23-13-2005,7,39,3,1701
2003-8-8,55,52,44,835
2021-9-27,28,19,29,180
1998-11-32,42,45,5,110
1998-12-11,31,11,wvogwovy,1901
2001-1-15,39,20,16,2797
2005-3-13,19,60,38,883
1998-12-28,48,38,54,2203
16-7-1999,24,21,40,298
2004-4-1,19,51,30,188
2000-11-15,60,56,35,608
1998-12-29,60,59,25,2143
2018-12-27,15,54,1,1470
2002-13-29,31,14,25,2706
2001-13-2,15,53,9,2129
2021-9-3,14,,47,2913
1999-5-15,4,52,44,2331
xyhdd,15,47,34,1012
2011-5-32,16,3,43,2471
2022-2-9,53,20,10,434
2022-8-30,24,13,2,157
2013-5-16,19,49,11,881
2022-11-20,57,24,18,206
2003-6-9,25,10,53,1392
2013-11-4,41,47,15,2468
2012-6-1,3,26,10,1318
2002-1-7,16,60,13,1474
husv,9,8,33,682
2023-8-27,29,3,5,1651
2002-11-11,28,40,45,2242
2019-9-28,53,9,24,2208
8-10-2011,2,53,30,2954
2022-5-5,39,7,20,1134
1998-2-14,12,27,20,1441
2010-9-32,57,35,48,517
2006-11-18,21,35,15,144
2000-12-11,7,22,44,1326
2018-3-5,26,20,3,514
2000-11-16,3,30,7,2161
2006-12-20,40,3,51,269
2000-5-22,46,41,25,1041
2010-9-12,1,35,43,1455
2009-2-12,25,40,34,2896
2010-1-28,45,52,56,432
2022-2-27,2,50,15,2673
2000-7-24,16,22,24,2553
2022-10-13,32,32,58,2998
2002-12-13,5,,10,1828
2001-11-21,50,3,49,2529
1999-5-20,55,5,32,840
1997-1-20,47,29,36,1849
2004-1-12,57,1,39,2207
31-7-2012,55,49,42,844
2000-1-10,12,25,36,878
2-10-2005,50,24,38,1006
1999-11-10,52,47,46,2685
1997-2-15,25,7,10,1810
2013-11-4,52,39,0,397
2001-3-15,45,26,40,178
2020-10-14,55,13,54,706
2001-11-6,51,24,36,1495
2000-10-27,15,38,42,470
2011-2-16,39,31,29,2324
1997-10-16,47,17,20,1140
2021-4-8,41,15,56,1558
2012-7-17,36,53,52,1743
2021-7-30,0,15,38,861
2018-6-20,23,41,40,905
2022-12-31,36,32,38,326
2002-10-7,4,60,57,338
1998-8-11,17,32,11,573
2002-9-1,55,60,7,1394
2009-9-10,42,3,5,2996
2005-10-20,42,47,40,100
2020-8-9,0,46,27,1231
2018-4-21,6,23,4,1184
2001-1-20,31,19,55,854
1997-11-30,55,35,48,2311
2022-9-31,15,30,55,2819
2012-4-25,42,28,14,932
2000-4-22,53,17,13,1181
2012-12-12,36,33,1,2881
2022-11-4,8,27,27,1307
2021-13-16,6,16,4,528
2022-4-3,53,25,20,983
2016-7-27,13,35,36,2957
2009-4-2,31,7,24,2149
2002-8-20,19,27,29,1597
2014-2-8,59,46,18,812
2005-7-29,22,52,51,2097
2010-2-5,51,18,6,619
2002-9-14,27,4,14,2408
2022-7-28,13,18,55,603
2017-11-13,48,27,24,1896
2019-13-12,11,29,4,2157
2016-3-10,58,56,50,1478
2011-9-8,56,39,38,688
1998-7-17,18,52,9,2231
16-3-2010,56,22,12,2356
1997-13-19,28,59,46,1889
2014-13-25,35,53,5,982
2019-10-19,3,19,22,340
2020-3-4,14,44,47,1995
2021-10-26,47,46,18,1076
2006-9-16,9,12,4,1907
2021-2-2,0,58,31,114
2005-9-32,7,20,58,2622
2003-7-28,31,29,23,1121
2015-12-2,42,52,43,2820
2022-13-18,60,50,19,2338
2023-11-22,54,10,40,2582
2010-1-29,14,25,18,2753
2009-11-28,15,38,11,782
2020-5-5,2,8,45,640
2020-1-20,5,10,50,2705
2010-3-9,31,17,21,1506
2021-13-18,50,22,26,185
2019-1-22,8,56,14,651
2006-9-9,3,0,27,1906
2005-12-28,17,5,6,2172
16-11-2008,8,44,38,2591
2001-1-6,45,13,27,2155
1999-7-1,19,47,29,1605
2022-5-26,13,19,28,2093
2004-3-4,32,49,33,2255
2017-13-18,8,14,19,2023
2009-6-10,9,55,2,1985
2008-3-20,55,59,9,2058
2011-13-30,39,46,59,865
2010-13-27,30,52,5,2581
2003-9-6,37,19,52,1049
2020-9-29,27,18,27,2852
2007-3-31,10,43,31,170
2009-5-26,59,15,11,2339
2008-4-18,17,40,46,791
2007-13-26,27,53,32,2050
2021-9-5,4,23,5,2489
2017-2-25,2,2,25,1968
2000-8-5,7,31,54,2423
2005-4-5,14,23,32,2193
2004-3-21,60,21,19,2765
2000-3-28,5,26,9,329
2008-6-10,21,22,8,580
,16,54,21,2330
2000-7-7,31,58,39,1094
8-5-2014,4,18,33,2699
5-12-1998,60,17,29,2856
2021-6-3,40,42,52,2074
2000-3-12,13,30,31,2159
2013-11-25,26,3,54,2699
2016-10-19,23,10,48,1340
1999-5-10,28,49,31,1269
2003-10-26,55,16,60,1641
1999-8-25,5,44,0,760
1997-7-25,3,57,30,2477
lphla,20,52,28,1832
2016-12-19,28,53,26,679
2014-6-22,4,35,25,473
2007-1-25,59,45,24,1247
2008-9-26,20,11,53,1035
1998-9-1,7,1,29,2868
2004-6-28,44,10,44,695
2009-5-22,32,38,57,2549
2004-11-8,39,10,30,773
2014-5-14,36,6,0,2670
2001-2-19,31,33,7,1377
2010-9-14,7,28,53,1950
2007-13-26,6,10,33,1553
2004-13-31,34,54,56,1698
2002-3-30,35,26,10,1949
2022-13-1,21,21,23,2772
2022-10-10,35,34,30,2289
2004-1-25,41,13,6,2747
2016-8-4,32,50,51,1724
2009-4-4,38,52,44,448
2008-9-5,6,41,22,620
2018-12-8,41,12,20,2916
2008-10-23,7,32,15,zxjno
2022-11-22,0,34,47,127
2021-11-12,35,38,58,408
2000-6-17,5,13,18,1090
2011-3-16,20,6,34,2704
2017-12-1,49,20,29,2042
2019-4-11,42,14,60,351
2010-6-16,51,10,3,1150
2016-10-2,20,51,59,2848
2000-12-17,36,4,52,1271
32-13-2008,60,4,27,241
2012-11-6,50,15,9,1098
2016-12-28,3,15,21,2419
1999-4-14,30,37,12,551
2018-7-24,35,6,40,1781
2015-5-20,1,32,42,2457
1997-13-13,41,58,29,2237
2010-1-26,40,24,57,1656
2022-2-18,59,30,33,1859
2009-13-30,8,19,16,2791
2006-1-3,1,35,21,1730
2001-9-16,5,33,55,1373
2012-3-13,2,53,7,2793
2007-11-3,13,14,19,2799
16-4-2004,25,14,24,2178
2021-8-21,31,32,12,337
2001-1-10,0,6,24,272
2014-12-6,37,38,1,2080
2011-4-17,42,16,27,2421
2009-8-24,32,15,34,247
2011-7-31,20,60,43,915
2008-2-29,5,45,52,2837
2023-9-29,42,26,60,687
2000-7-2,14,24,53,2784
2017-8-14,19,12,23,1812
1997-9-7,25,4,14,2069
16-4-2006,4,0,17,106
2005-2-15,37,47,18,1894
2011-6-4,14,54,58,176
2011-8-6,56,4,6,457
2004-8-18,50,42,3,1493
2005-10-19,32,10,32,600
1999-3-30,3,34,27,1954
2002-3-8,20,46,3,947
2009-12-9,57,52,31,2371
1997-2-26,25,21,32,2090
2021-9-21,35,5,21,345
2018-6-2,48,55,60,2716
2016-2-1,45,26,34,492
2004-6-31,54,16,38,2521
2018-5-15,35,48,50,2745
1999-1-30,60,58,2,2617
2013-5-18,47,20,22,697
1998-11-17,9,26,31,2789
1999-4-10,38,53,56,2189
2014-3-25,57,1,44,
2001-2-5,36,5,27,314
2012-3-22,51,5,20,642
1997-4-8,24,58,53,977
2017-10-6,17,7,54,1485
2004-6-6,3,48,21,2076
2005-7-7,25,3,30,1233
2005-7-18,1,19,39,267
2013-6-22,26,32,58,1479
2015-4-17,46,9,42,281
2002-12-5,21,52,27,635
1999-10-23,5,34,34,1036
2003-13-16,23,37,24,1579
2005-1-1,4,46,5,919
2003-4-23,33,59,40,2944
2020-12-1,6,31,6,581
2021-12-8,48,45,11,xhds
2020-8-29,40,29,28,1764
2004-12-24,38,10,24,359
2011-11-15,22,35,29,626
2006-8-23,35,32,8,376
2007-4-15,19,19,34,1307
2023-8-30,0,43,15,2595
16-5-2003,49,44,6,1314
2021-2-14,38,34,42,mlioz
2012-12-5,3,46,56,1827
1998-6-23,23,11,48,1552
2008-4-4,56,33,38,672
2007-11-2,52,17,45,1507
2005-5-17,42,26,37,2039
2017-11-21,43,31,33,2018
wikbbcxoc,60,57,56,347
2004-3-9,15,16,27,554
2000-8-1,8,8,3,1267
2022-3-28,10,35,40,499
2010-2-6,44,52,41,879
1998-5-3,44,18,42,2736
1998-2-26,56,50,14,467
2004-5-13,45,34,1,2298
2020-6-22,31,1,16,338
2008-5-12,58,20,16,546
2006-8-11,3,20,53,594
2001-4-7,5,33,42,1258
2004-2-16,54,44,57,2991
1999-10-12,17,47,55,900
1-12-2010,48,5,53,1409
2017-10-16,6,16,2,mfcvwmxgyohu
1999-13-14,25,25,11,2069
2014-8-29,51,45,5,1901
2007-1-18,7,39,4,1717
2004-10-2,18,48,10,2974
2018-1-29,1,38,47,1722
1998-7-23,44,22,20,1345
2020-1-27,31,8,25,2506
1998-7-12,36,42,29,1632
2005-13-14,45,43,18,1483
2003-12-31,23,6,4,947
2003-3-16,38,58,29,2689
2010-2-3,30,57,53,2775
2016-12-30,58,56,24,1132
2018-6-14,29,9,12,1296
2022-3-6,56,35,20,2794
2004-11-17,12,41,15,398
2002-12-30,1,50,59,2757
14-3-2010,59,20,0,1854
1997-5-14,18,53,40,809
2015-10-10,47,13,3,2964
2012-9-10,38,27,58,1356
1999-9-11,52,0,7,275
2011-8-21,45,51,2,2382
2012-10-17,25,33,55,815
2005-2-22,22,9,48,2321
2006-12-27,2,4,41,398
2010-6-15,24,7,5,2799
2014-9-32,1,2,8,311
1999-12-3,33,1,44,1259
2000-1-14,46,28,18,2510
2006-11-18,10,49,9,1904
2014-12-1,11,52,37,2006
2019-3-17,39,28,28,2940
2004-1-25,42,52,41,629
2011-4-21,9,21,6,2369
2001-11-1,21,8,8,396
2010-6-27,13,0,19,2040
2008-6-12,20,6,58,2025
1999-6-17,18,45,40,1361
2011-11-12,54,50,33,2230
2006-4-23,44,34,27,324
2009-4-31,34,5,6,972
2019-8-20,58,25,42,1303
2019-5-7,27,8,4,2711
2009-7-2,58,8,45,1595
2000-10-27,12,24,22,2689
2022-3-9,21,54,57,2666
2019-6-17,20,29,27,2328
1998-7-27,41,2,0,1330
2021-12-2,31,49,1,2590
2013-11-20,12,60,28,492
2014-12-13,37,34,19,162
2021-5-19,4,12,51,771
2014-6-1,21,24,40,266
2009-4-26,44,21,24,668
2007-5-20,54,38,53,1302
2015-5-10,30,51,38,655
2011-5-21,12,44,38,2114
2008-5-29,21,59,36,878
1998-3-6,8,52,40,1146
2005-11-14,22,34,19,532
2000-4-16,15,30,59,2712
2007-3-19,59,44,22,2354
2000-9-12,44,20,0,1473
2022-4-5,12,8,1,1309
1999-5-18,3,36,31,2706
2015-7-2,51,28,12,1469
2005-1-17,14,40,58,1687
2014-5-10,8,44,27,2248
2017-3-32,48,5,36,1256
2023-10-27,5,33,28,538
2007-6-4,56,36,38,2487
2015-11-22,16,58,17,828
2002-2-3,50,36,10,2021
2017-6-8,47,48,50,116
2022-9-32,21,8,50,1543
2000-11-6,49,13,40,1889
2007-3-23,38,54,53,1802
2011-8-8,2,58,39,2500
2007-4-18,40,48,43,1001
2006-11-29,40,49,52,888
2021-3-14,2,40,26,2990
2015-1-24,56,34,35,2232
7-3-2019,55,49,40,1247
2009-9-2,11,49,48,898
2021-4-12,54,6,20,1648
2008-9-29,49,10,37,2212
2008-8-6,34,wyk,1,164
19-2-2004,40,48,27,755
2019-3-7,29,45,2,1694
2005-8-5,19,31,16,2993
2009-9-28,49,45,5,2386
2017-9-21,0,15,22,2692
2001-3-19,12,50,34,1462
2006-7-11,22,60,58,2691
2016-2-11,10,10,2,517
2005-1-5,14,29,4,998
1997-5-8,45,58,23,2716
2003-10-28,49,6,54,1025
2021-2-6,52,39,47,1693
2020-6-30,53,32,0,2822
2016-2-5,29,53,40,1009
2011-12-16,4,10,34,1420
2002-7-32,32,38,14,2629
2017-12-28,18,20,18,2646
2008-1-28,16,38,19,2223
2014-12-18,57,38,20,566
2014-6-3,60,51,12,2179
2007-3-7,2,15,45,1740
2006-8-13,4,52,34,640
2004-10-10,50,14,50,1990
2013-3-32,23,47,7,512
2000-5-24,50,20,35,1824
2023-10-6,49,12,52,2855
zmaiiuku,34,40,7,756
2016-12-25,4,5,58,2264
2010-5-18,30,1,44,1521
23-12-1998,23,56,38,1115
24-3-2007,cjx,28,51,2583
2021-7-31,12,40,6,2101
1999-13-6,41,15,50,2404
2019-10-25,9,25,47,2921
1998-7-15,9,13,59,2942
2016-8-15,55,27,46,225
2005-10-1,51,12,28,2460
2010-8-19,3,43,37,534
2005-3-13,29,20,3,1018
2019-11-19,17,14,36,403
2000-13-24,40,16,49,1873
2019-11-10,13,46,13,2471
2015-1-17,5,36,24,2824
2012-3-3,34,53,14,416
2015-4-25,10,22,30,906
19-1-2011,24,34,5,268
2022-12-18,43,20,29,505
2020-6-3,37,2,9,2491
2022-4-25,55,6,33,1375
2019-13-30,2,23,51,772
2004-3-13,40,0,13,1510
2000-6-14,16,58,28,1787
2010-11-21,49,28,20,854
2007-10-9,43,40,enlsswzrmn,1785
2000-9-12,21,53,39,531
2009-2-26,6,36,0,317
1999-8-13,50,49,14,2229
1997-4-22,14,34,27,1460
1998-5-15,18,4,38,2473
2009-1-6,39,23,27,2508
2003-3-31,34,25,7,1051
2008-2-17,13,9,35,1370
2009-6-26,14,0,2,981
2019-5-9,1,59,51,917
2004-3-31,53,58,17,2364
2018-11-9,33,18,35,1709
2014-3-20,38,38,24,683
2018-1-14,7,59,19,538
2017-9-32,23,56,58,551
2000-5-19,13,4,7,1857
2007-12-18,13,44,44,2495
2017-12-9,34,33,12,793
8-10-2003,24,22,48,636
2006-7-25,23,49,45,2186
2016-13-23,49,40,6,2641
2002-12-10,27,34,27,1403
2009-1-2,19,22,19,1229
2009-12-30,8,31,19,2221
2016-9-9,28,28,36,2485
1998-8-26,42,18,10,1932
2009-13-12,40,13,3,1203
14-3-2014,49,2,53,255
2004-4-11,45,10,51,549
2015-12-24,53,23,60,1553
2017-10-22,29,11,40,1794
2000-3-7,44,1,39,
2000-2-29,11,30,23,651
2022-4-14,55,41,4,2702
2014-2-29,5,7,46,1725
2016-13-23,0,10,33,2347
2021-9-2,41,22,29,2130
2017-9-30,kkofbg,47,39,2643
1999-12-31,23,39,39,549
2013-5-5,56,33,29,2008
2022-3-22,14,13,17,1629
2019-11-11,27,1,50,529
2010-4-5,34,28,30,995
2000-7-22,11,41,2,885
2005-4-15,21,34,52,265
2000-6-31,3,41,22,2557
2016-11-20,26,2,3,2237
1999-9-27,44,47,17,985
2014-11-32,59,34,11,2989
2003-1-29,32,0,31,1358
2012-13-22,20,43,31,2622
2002-10-4,54,35,24,2024
2019-2-13,43,20,55,1928
1998-2-19,56,51,36,187
2002-9-9,39,54,35,553
8-9-2009,23,60,5,1100
2007-4-28,2,12,47,1484
17-11-2012,57,35,30,2335
2011-8-3,10,20,24,594
2014-6-20,12,39,41,2878
2013-8-24,56,30,4,837
1998-4-1,28,4,14,813
2014-5-17,58,43,57,2286
1998-7-11,23,7,1,831
2022-3-2,21,51,4,884
2005-4-22,20,53,6,1720
2018-9-10,41,30,45,2661
2018-3-31,56,4,57,1321
2001-3-20,21,42,8,1575
2013-5-12,28,8,2,2514
2016-12-11,11,57,59,143
2017-13-10,54,23,26,2139
1998-9-4,0,13,52,2223
1998-5-10,42,59,5,1547
2020-2-18,16,49,56,851
2011-2-12,52,42,49,2478
2019-1-25,51,28,10,2038
2000-10-24,59,1,48,1613
2018-6-25,56,53,43,355
2014-1-16,14,40,14,1608
2008-8-23,16,3,36,1619
2011-3-12,44,51,54,335
2017-4-14,60,42,37,1560
2013-10-9,22,32,18,1953
2005-6-29,33,26,32,2686
2008-8-6,29,41,59,469
2000-8-22,26,48,39,962
2006-2-4,55,0,5,1165
8-11-2002,10,13,22,2846
2011-8-20,37,5,42,2246
26-4-1999,23,48,34,548
1999-2-18,46,5,36,1304
2021-11-14,42,27,45,247
1998-9-25,47,17,sogsvkzoeajb,2410
1998-2-8,15,55,25,2390
2015-4-29,22,5,9,2083
2010-12-3,7,58,16,2637
2007-12-18,14,57,27,2494
2010-6-12,53,21,12,2758
2003-13-25,44,30,52,1756
2012-11-22,31,38,56,495
2000-2-23,46,45,15,1256
2014-6-19,52,60,38,2084
2005-11-30,54,31,54,1297
2022-6-14,43,47,40,1721
2003-11-31,9,13,22,1637
1998-2-27,10,18,47,648
1-1-2021,36,50,34,488
2023-1-4,31,38,18,2080
2014-5-30,40,53,56,2993
1999-13-16,23,58,60,2484
1997-3-31,55,39,17,969
2011-12-19,0,14,11,1288
2017-3-1,48,45,51,1317
2013-1-32,49,50,0,2048
2010-6-22,50,20,56,1746
2021-13-26,37,25,57,2204
2020-6-24,46,4,8,1148
2019-2-16,12,55,38,783
1998-11-19,40,47,31,921
10-11-2015,35,55,20,1241
2015-10-25,42,42,2,1890
2001-7-24,4,60,5,2060
