"Date,",Store_ID,Product_ID,Quantity_Sold,Revenue
29-12-2005,2,57,50,933
2011-02-06,47,54,25,1172
2022-11-09,26,19,54,1220
1997-01-29,10,31,44,591
2011-11-07,38,45,18,2496
2001-03-18,39,24,27,2720
2005-03-31,46,50,43,937
2010-08-17,37,47,29,413
2002-03-07,24,27,21,2498
2014-11-04,13,14,47,1585
2005-03-07,39,19,11,343
2002-02-12,24,56,26,2868
30-05-1999,10,5,58,2925
2001-05-05,2,7,24,2899
2001-11-31,11,6,51,2071
2019-04-10,5,14,7,1433
2013-12-17,5,6,14,2092
2004-03-26,32,50,7,2070
2014-05-29,2,1,49,1976
2009-01-03,9,52,60,343
24-07-2012,59,14,10,848
2019-07-21,34,57,4,320
2008-12-05,2,5,53,2220
2005-04-06,hqjslsdppho,50,35,1574
18-01-2007,33,54,31,979
2001-09-17,24,48,16,1187
2009-07-10,13,26,58,
2021-12-19,51,8,28,2370
2012-12-19,47,47,52,2230
2002-06-20,5,35,32,2886
2016-06-06,45,56,9,539
2023-04-16,36,34,7,2537
11-10-1997,35,59,38,210
2012-04-20,49,37,11,2152
1998-07-26,25,0,13,377
2020-08-04,3,54,8,2351
1999-06-17,43,47,37,1347
2018-08-18,56,44,51,278
2020-02-10,16,15,4,2138
2020-07-06,30,54,42,2848
2010-04-22,8,32,51,474
1998-01-14,2,15,36,1776
2019-10-05,9,18,40,2348
2016-01-27,27,12,54,2203
2008-05-03,15,50,26,2710
2022-02-06,1,24,12,1171
2019-09-06,34,21,30,515
2017-01-17,60,47,8,917
2012-10-06,36,0,0,2133
2007-03-18,47,26,52,2663
08-04-1997,40,50,5,2085
2011-04-29,45,18,33,2996
2010-08-27,16,8,25,1441
2014-11-06,3,58,26,2127
2022-05-16,53,46,12,2440
2022-02-25,15,46,1,1635
2014-11-18,9,2,54,2860
2000-06-23,31,49,6,400
2022-03-13,1,50,9,376
2020-03-05,53,24,36,2780
2018-05-20,37,30,28,1228
2012-10-07,20,4,57,1751
2003-02-20,uxlgzlrp,35,28,2522
2007-02-19,49,2,42,1229
2009-04-24,9,36,60,2288
2001-07-26,1,41,35,903
2012-02-07,33,15,50,503
2004-01-04,32,22,24,2678
2021-04-03,22,40,27,486
2007-03-04,42,29,31,1882
2004-08-12,7,53,1,1955
2001-02-15,34,24,26,1794
2005-10-16,60,cyor,40,144
2005-03-15,52,13,24,788
2000-12-26,22,27,9,2535
2007-09-24,24,31,14,1303
2013-02-15,0,38,,2579
2016-10-30,26,43,21,973
2017-06-22,49,14,22,1373
2009-06-17,50,50,37,2395
2017-01-24,43,11,27,578
2013-05-19,45,3,32,980
2001-04-20,53,31,19,512
2010-04-04,32,19,31,2343
2006-01-30,38,11,6,535
2019-12-22,21,zsxunxscs,34,263
2000-02-29,57,26,57,1662
2022-12-08,28,14,17,200
2000-08-02,34,55,29,2630
2022-05-10,40,35,19,2166
2003-07-17,0,47,,1301
1997-06-19,13,21,53,512
2015-01-02,32,38,32,2894
2016-01-01,37,35,26,2387
2009-02-19,18,52,7,329
2002-11-24,24,40,45,197
2012-09-06,0,59,43,2333
2021-08-08,53,53,17,1057
2002-07-08,35,30,39,2780
2013-03-21,4,39,58,267
13-12-1998,49,19,3,1047
2010-09-16,45,29,45,2572
2007-04-29,14,54,23,2363
1998-02-24,25,18,8,1054
2017-06-18,29,19,26,2996
2019-12-07,45,16,11,2360
2017-10-01,54,18,47,997
2011-07-29,24,11,8,2223
2017-05-15,8,17,47,847
2010-09-21,22,8,8,2323
1998-07-09,17,6,50,2613
2004-05-29,45,47,38,608
19-09-2001,26,13,28,1569
2008-11-03,22,30,7,1315
2016-07-25,35,27,17,1068
2000-12-15,45,2,49,225
2001-03-21,44,57,19,2613
26-11-2020,29,36,25,2576
2022-05-09,48,32,16,1078
2023-01-20,10,46,49,2171
2009-10-13,47,7,60,484
2008-09-10,44,6,13,2372
2003-06-24,50,33,39,1811
2013-01-23,22,25,15,1377
2003-02-22,0,14,20,2814
2000-05-24,8,7,2,1934
2003-01-16,0,28,42,2241
2001-12-28,16,53,38,2737
2018-08-24,1,11,28,351
2009-03-06,46,41,15,949
2010-10-29,32,36,22,2652
2001-04-28,60,14,12,2222
1999-12-07,55,13,10,539
2008-03-22,39,1,46,181
2023-08-04,43,31,13,2107
2021-05-23,37,2,21,2639
2019-09-16,1,28,1,1020
2005-11-20,55,60,26,926
1998-05-21,53,58,10,2044
2004-06-05,9,50,29,1938
2007-12-24,29,0,4,542
2012-09-03,14,21,55,1073
2017-01-17,26,5,25,2262
2006-03-23,57,47,37,635
2013-09-21,8,32,24,2883
1998-10-13,6,55,27,1420
2002-02-17,2,49,44,579
2000-08-03,37,4,29,2594
2006-04-07,53,54,23,1077
1999-08-08,43,47,50,1893
2001-07-21,48,24,50,xemrn
2005-11-25,19,2,18,1926
1999-08-11,30,60,31,505
2020-06-07,21,1,26,2891
2006-04-23,47,39,14,1168
2018-11-18,6,33,6,1863
2005-03-03,5,50,60,615
2018-06-15,40,54,11,746
2009-04-27,17,15,24,2802
1999-10-08,4,31,44,2214
2000-10-08,11,12,43,1019
2018-01-29,13,5,5,2162
2014-06-14,34,48,46,2436
2011-02-17,10,23,11,1897
2005-12-12,59,21,15,985
2004-12-27,5,13,33,657
2003-01-02,44,7,57,2833
2007-08-20,22,6,9,2033
1999-12-11,34,32,54,1174
1998-12-03,32,1,10,926
2012-11-18,19,3,4,1184
2002-06-14,47,9,31,2530
2016-12-21,11,54,4,2722
2009-03-11,35,15,1,1588
2019-09-25,30,33,24,1182
2020-07-11,10,26,5,2250
2023-01-03,16,0,59,1457
2001-04-17,2,35,19,703
2008-06-27,blgk,52,36,1007
2022-03-07,47,53,6,1569
2021-01-21,54,39,31,335
2019-08-22,54,59,49,1793
2021-07-24,36,54,24,1628
2009-01-31,24,30,34,945
1997-01-17,2,gnh,14,2240
2020-10-24,49,35,50,440
27-09-2008,47,54,40,2839
2006-07-04,43,29,32,242
2013-10-17,9,22,57,2426
2003-09-02,54,42,34,371
2015-08-29,34,32,1,1888
1998-01-26,34,11,48,820
2022-02-28,55,27,39,2773
2021-06-12,58,28,35,1713
2014-06-24,45,49,44,120
2021-04-09,29,9,40,1924
2009-02-19,29,15,14,2886
2016-06-11,41,42,25,481
2005-10-28,27,41,15,939
2005-08-08,52,44,28,1454
2016-12-30,54,51,15,1901
30-12-2011,44,16,3,498
2012-12-25,45,5,28,1685
2001-07-19,58,58,0,2483
2007-07-27,32,8,34,2274
1999-01-23,24,43,46,2854
2008-04-24,42,60,33,1244
1998-01-31,16,20,55,851
2001-08-30,47,51,20,2750
2013-04-20,27,43,23,874
2015-02-18,60,51,60,1873
2003-12-06,3,6,7,812
2011-05-18,18,5,41,1468
2023-10-09,12,3,25,1675
2015-07-17,0,32,40,917
2015-11-03,32,47,35,606
2017-09-04,51,1,21,113
2001-04-25,35,8,33,2912
2007-09-13,37,45,39,769
2022-07-23,12,6,38,2192
2016-06-29,12,27,58,143
2014-01-02,33,24,46,2552
2017-04-08,44,59,29,2091
2014-03-09,38,20,1,2416
2009-02-07,31,14,47,1499
2003-11-11,57,25,0,2411
2006-03-18,2,15,14,2489
2003-11-25,5,57,22,1861
1997-02-28,5,2,4,1221
2005-03-16,5,1,47,980
2006-11-01,59,40,11,655
2002-09-04,7,3,46,1180
2008-12-30,30,43,42,1526
1999-07-05,16,40,50,2419
2000-08-06,38,36,47,1084
2012-07-13,39,15,28,293
2022-02-26,58,0,15,1605
2002-04-10,45,29,23,2179
2022-10-27,39,59,1,1388
1999-08-19,43,46,38,782
2003-03-31,0,17,3,1130
2010-09-05,vzrdyqmlld,60,31,311
2012-03-27,58,28,53,448
2021-02-10,24,59,55,2821
2019-07-18,51,6,39,2284
2001-09-04,5,18,41,2917
2016-07-20,14,21,21,2709
10-11-1999,53,26,44,668
2021-05-01,51,31,60,2240
2020-10-20,48,4,50,1795
2017-10-01,55,16,1,2694
2007-03-13,42,38,44,401
20-02-2003,41,5,25,2590
2009-03-10,40,48,60,1291
2016-01-19,17,22,28,2228
2016-06-23,9,40,38,1261
2011-12-27,31,5,xdlpsydnpzea,1335
2006-05-07,17,30,19,2258
13-07-2002,3,51,16,493
2018-02-11,2,42,33,459
1997-12-23,49,1,4,1607
2018-01-17,43,16,18,1823
2009-07-12,55,60,35,799
2013-10-17,28,26,48,2560
2012-07-01,21,30,50,2110
2010-06-07,31,51,,507
2015-07-22,3,52,33,200
2010-01-25,28,20,48,489
2001-12-17,5,25,34,329
2006-06-29,0,54,2,341
2009-04-20,17,2,33,437
2015-11-30,1,10,15,460
2005-04-25,35,45,31,2758
2014-03-29,47,29,43,1793
2023-10-03,50,3,58,2805
2000-08-14,58,32,44,2647
2023-12-13,11,14,25,663
2021-08-22,17,59,16,884
2016-02-26,60,55,24,290
2017-03-05,13,31,31,1433
1999-12-11,53,50,4,2699
2009-08-02,32,18,45,2837
2023-03-10,20,59,15,1062
2006-07-30,15,53,3,2350
2023-09-29,18,0,28,2807
2015-03-17,0,22,12,1377
2012-02-12,30,18,14,1996
2009-07-13,30,16,26,252
2005-12-20,18,44,2,1418
2017-06-04,55,19,49,182
2018-10-11,14,9,37,1669
2003-08-11,4,6,52,1717
2021-12-02,37,10,11,1499
2016-05-13,27,5,47,1292
2015-07-24,6,6,3,1574
2005-11-15,1,5,47,2251
2016-01-12,0,53,11,366
2013-08-07,52,19,56,1875
2004-01-02,26,16,15,2607
2017-05-05,25,11,42,557
2008-01-11,47,26,17,1691
2007-04-27,51,12,aklmrg,2862
2003-01-27,33,58,40,490
2023-12-05,8,38,15,2234
19-04-1997,30,22,13,1470
2012-09-08,47,58,0,1035
2023-08-30,9,37,39,2809
2006-12-30,6,60,45,1737
2011-09-30,20,56,54,121
23-02-2001,33,30,16,498
2014-04-22,32,51,57,622
1997-05-13,58,23,58,854
22-05-2020,26,13,38,993
2009-12-01,46,49,13,1164
2006-07-11,29,14,38,783
2002-03-22,24,20,59,738
2002-04-22,38,7,55,1492
2005-11-13,36,2,25,464
2010-10-24,8,60,56,2441
2017-08-30,18,16,30,116
2008-02-17,40,28,38,512
24-06-1997,3,48,32,1442
2020-09-01,15,24,53,2044
1998-02-03,14,53,56,2494
2021-08-19,54,52,40,1643
2005-08-29,41,46,46,1789
2016-11-11,8,4,60,1021
2011-12-13,30,54,15,384
1998-04-17,20,31,30,2565
2021-02-22,12,51,52,356
2013-03-13,28,57,48,552
2007-05-03,36,50,38,1306
2023-01-11,39,59,39,842
2019-06-21,0,32,14,1441
2014-04-14,23,4,34,485
2017-05-03,32,6,47,1795
2006-05-20,0,17,1,1763
2008-12-23,55,30,54,555
2004-10-10,15,57,22,910
2006-10-01,58,32,40,1162
20-12-2020,13,40,41,2547
2018-02-17,40,17,58,1114
2003-10-13,6,1,28,1129
2023-06-10,55,43,50,939
2001-01-19,59,39,59,2561
2019-11-07,36,47,42,2430
2023-01-02,35,41,12,1419
2010-06-06,8,19,49,189
2005-12-17,39,44,3,2460
2008-12-26,38,11,3,1598
2015-07-04,33,28,38,1713
2009-11-06,37,15,25,1101
2020-01-01,0,25,39,392
2023-04-26,57,48,14,2633
2006-05-21,35,46,29,153
2006-11-06,36,12,10,294
2004-01-11,1,3,4,1091
2011-12-02,59,25,19,2659
1999-05-07,wobcfdonwi,60,35,1465
2010-08-15,53,,59,1907
2022-03-17,31,48,ikhshf,429
1998-10-28,35,52,15,1333
2022-04-19,13,42,51,2651
2014-10-20,22,40,48,1082
2017-05-13,53,1,50,2936
2013-03-31,25,23,46,1370
2008-01-21,37,52,53,445
1998-10-25,39,53,8,421
2014-01-18,12,14,60,2948
2019-11-08,12,43,48,668
2011-08-25,32,20,57,626
2017-09-23,7,19,58,1774
2009-12-02,4,7,40,1763
2013-02-20,29,45,17,2882
2001-03-08,38,30,20,1285
2005-07-29,14,4,30,697
2010-11-07,,3,30,2092
2003-04-19,60,50,30,1712
2020-04-07,31,35,35,1546
2009-09-13,1,23,52,735
2020-12-05,55,22,11,1169
2010-11-25,34,58,54,232
2001-01-20,11,53,31,2862
2021-05-27,3,48,56,848
2022-06-22,50,23,59,1805
2008-01-11,4,35,54,2623
2003-01-30,20,53,54,634
2002-06-08,16,0,29,2687
2014-07-11,45,39,0,438
2010-01-13,22,41,39,2978
2017-05-20,30,35,52,1606
2022-10-12,54,0,29,2834
2003-10-28,11,59,8,1593
2011-09-15,49,46,42,1893
1998-11-31,59,26,11,736
1997-02-26,57,0,10,1134
2000-04-27,27,17,26,1152
26-12-2017,57,vcobkjlus,40,2130
1997-01-29,48,15,13,1004
2015-07-28,12,44,20,2747
2017-01-03,17,15,52,1226
1999-11-21,40,17,33,2896
2014-07-17,1,52,5,816
1997-09-13,21,10,45,1458
2013-09-29,48,33,43,1769
2012-02-18,47,34,12,135
23-10-2012,51,31,22,1706
2002-11-17,8,2,55,1300
2004-08-21,50,8,37,138
2010-08-03,8,0,45,2629
2002-09-23,49,42,4,1409
2008-04-30,1,3,14,1162
2017-10-28,37,34,20,1617
22-12-2014,5,43,20,2660
1998-03-10,22,42,3,1187
2010-09-22,53,5,57,531
2023-01-14,58,48,9,1119
2002-08-08,44,35,23,1799
2007-10-10,40,1,21,1468
2023-05-25,15,55,51,1343
2015-02-14,51,4,28,1031
2015-07-30,35,34,38,1339
1997-04-07,10,43,31,2686
2000-09-08,4,19,20,2898
2013-10-28,17,17,36,460
2008-09-01,5,25,34,2482
2018-12-25,48,19,16,940
2003-05-04,43,10,51,957
2017-10-27,23,2,12,150
27-09-2018,38,8,57,2357
2019-05-16,27,50,29,1537
2023-03-15,15,10,53,1206
2004-06-29,36,39,54,2594
2005-07-10,33,44,45,1779
awu,45,4,19,1440
2020-07-11,5,40,25,503
2018-02-28,52,30,14,1368
2016-04-12,54,1,44,436
2007-06-12,19,1,41,2995
2004-09-23,48,23,0,594
2001-08-17,1,27,23,2585
2007-02-16,15,39,12,2398
2018-11-22,25,47,19,823
2011-06-18,57,51,25,1408
2008-04-08,5,33,33,795
2015-04-23,35,41,36,2599
2018-04-27,12,40,24,260
1999-05-09,59,24,23,2477
2009-07-02,49,26,46,537
2023-01-29,3,43,54,162
2012-10-17,19,24,0,975
2012-05-17,7,48,16,806
2010-10-03,26,44,43,1616
2001-12-21,37,58,58,1706
2015-01-12,2,38,12,520
2012-04-13,47,12,37,2233
2014-10-27,31,5,45,225
2003-05-19,18,57,20,2752
2006-10-03,44,22,45,1750
2010-08-02,46,54,36,2041
1999-04-04,13,46,20,1442
2014-02-25,34,56,28,342
2016-08-04,42,55,5,241
2000-09-12,17,59,47,614
2005-12-01,33,17,36,884
2008-10-19,16,51,13,117
1997-04-20,0,25,41,648
2001-08-05,26,42,45,1466
2016-02-06,32,0,59,742
2020-09-13,41,5,20,1240
2010-09-10,31,1,7,1611
2013-04-22,22,26,54,1855
23-07-2015,53,30,33,1926
2019-01-10,12,33,19,1192
2016-07-06,30,29,60,1664
2003-10-13,12,38,28,2462
2022-06-30,5,49,34,562
2015-11-02,59,47,37,849
2010-02-24,13,15,56,1152
2000-05-01,16,32,45,2301
1997-06-27,4,56,40,1947
2015-09-14,10,20,22,821
2014-07-27,39,56,50,1976
2004-04-13,0,28,24,1564
2023-06-08,33,39,50,2658
2001-09-03,7,32,14,2125
1997-11-24,45,48,21,1159
1997-03-04,0,22,17,1053
2021-01-05,55,34,23,213
2003-04-29,19,22,28,2788
2017-11-26,55,14,31,2343
2022-10-11,33,12,57,165
2008-09-30,55,43,4,785
2005-04-03,33,15,45,1087
2017-02-10,33,42,42,1397
2009-11-20,60,13,43,663
2018-11-26,46,12,44,574
2010-01-16,59,23,14,1938
2012-03-20,18,60,18,1680
2000-02-27,16,24,43,2626
21-09-2007,46,27,33,351
2015-03-07,25,58,21,2196
1999-12-30,,53,20,1594
2009-09-03,42,23,53,2893
2014-12-26,24,41,17,577
2017-08-14,21,35,28,1835
2000-04-25,27,5,29,1652
1999-12-17,0,33,47,2017
2017-06-03,48,50,28,1951
2014-02-08,55,1,48,412
2009-07-17,37,42,42,767
2019-04-06,40,43,55,1361
1999-07-26,33,31,29,2847
2011-06-11,27,57,54,1001
2010-07-04,46,43,10,1839
2015-02-06,30,9,29,658
2002-01-16,60,60,56,938
2001-01-24,54,50,54,1527
2005-11-14,47,57,,1849
2011-11-18,9,54,13,588
2005-07-28,46,37,51,2531
2023-01-20,23,18,19,2562
2018-12-30,59,40,28,2598
2018-02-16,32,8,31,2761
2017-01-26,15,23,59,2411
2021-01-19,16,2,10,1610
2000-12-01,49,9,7,2189
2016-02-29,29,24,27,1943
2005-06-15,44,30,22,2288
2003-12-06,12,piwoeybibc,51,2247
2017-02-28,15,23,50,1263
2018-06-19,56,17,58,748
2011-03-19,30,44,35,1574
2007-05-29,37,28,59,1222
2020-11-17,52,25,57,1282
2004-03-02,54,17,1,782
2009-02-23,43,52,2,230
29-06-2017,22,31,28,423
2020-02-17,17,3,10,2437
2012-12-09,9,11,9,321
2005-11-18,43,11,52,2522
2004-12-17,22,49,13,591
2022-12-18,0,21,20,1958
2001-09-06,13,39,11,2966
2003-07-25,51,59,43,2409
1997-10-30,11,10,52,1345
2003-03-19,44,7,22,706
2005-01-18,44,13,33,1825
2000-12-30,47,46,21,2755
2004-12-04,38,33,37,1602
1998-09-05,40,12,50,1974
2023-08-30,47,22,18,1558
2001-06-10,21,11,9,689
2009-05-17,19,53,11,483
2021-03-16,2,53,42,1376
2002-06-20,32,40,12,1774
2007-05-04,16,9,24,2822
2019-06-09,26,53,10,2826
2023-05-04,3,3,36,wyzser
2003-09-18,54,6,3,618
1998-12-26,59,19,50,2425
2013-03-09,47,38,4,928
2023-11-11,34,52,22,889
2012-07-06,44,32,15,2842
2022-10-02,42,0,56,835
2023-03-29,54,25,30,229
2000-07-24,5,2,47,105
2005-12-21,0,27,24,851
2016-05-29,11,38,32,793
2001-01-04,7,48,8,468
2017-03-27,55,7,48,2074
2020-10-08,0,29,42,679
2003-12-14,53,23,51,1579
2002-05-28,24,50,12,544
1999-01-08,3,51,48,2340
2000-06-30,26,7,17,1464
ndcnqevt,49,32,46,2341
1997-02-05,45,19,21,506
2022-10-26,60,23,11,549
2012-08-17,37,60,22,386
2002-04-17,4,1,41,2253
2022-08-22,55,60,54,2277
2008-01-27,41,59,27,229
2018-09-30,36,28,26,2746
2018-10-14,16,25,13,747
2017-11-01,2,32,45,2126
2003-05-26,8,42,19,1337
2009-02-23,55,59,34,1584
2010-10-03,2,45,55,2280
2015-01-21,27,19,57,255
2003-11-19,5,40,11,2498
,47,5,1,1225
2006-12-06,39,9,36,439
2001-02-12,50,5,44,2238
2017-10-22,26,16,45,xxhhd
2013-04-17,22,45,16,1987
2007-08-17,31,23,2,1007
2010-07-23,37,19,20,628
02-07-1997,59,14,46,1852
2022-04-24,4,9,9,106
2005-09-31,0,19,13,387
2004-05-04,56,46,11,679
2003-02-07,17,57,15,2084
2002-01-12,47,53,23,2871
2011-04-04,21,57,25,1146
2022-05-25,14,51,15,298
2010-11-04,32,21,33,308
2006-09-02,11,57,55,145
2018-08-06,39,12,23,663
2006-02-03,14,8,21,2056
2002-08-02,0,0,37,2476
2000-08-20,27,42,20,1349
14-02-2007,4,5,45,2560
2007-08-15,12,5,43,170
1998-01-04,46,53,52,1977
2012-07-11,42,37,23,2191
2013-07-21,16,56,14,670
2020-02-22,15,7,51,2310
2014-03-21,53,32,33,1835
2018-08-05,55,10,45,671
2011-11-05,40,36,39,1248
2014-01-25,45,8,54,103
2010-10-17,56,52,32,2890
2006-08-09,59,18,39,2194
2008-03-06,45,15,56,2226
2000-09-16,41,55,41,2212
2001-09-14,12,48,52,cqr
2018-12-08,35,40,54,2827
2023-06-25,42,30,49,2611
2008-06-13,24,19,44,1863
2009-06-21,53,3,24,2068
2015-12-21,43,49,6,1074
lmkztsvjulms,56,41,12,1136
2016-01-14,24,13,35,1354
2017-04-12,18,7,49,1838
1998-06-22,20,9,16,1313
2012-10-10,30,28,17,2270
1997-11-30,3,51,12,2901
2023-04-21,,14,21,154
2018-09-31,58,10,45,550
okfcig,29,7,54,1535
2008-08-05,22,,28,2601
2017-08-03,58,34,24,2097
2012-12-30,16,16,48,974
2010-02-15,18,32,8,166
2015-09-29,41,11,34,213
2021-09-16,51,40,27,402
2004-05-13,60,6,25,2057
2007-05-25,47,23,5,2995
1999-09-15,14,26,18,2636
2005-07-08,10,31,37,261
grkh,41,37,19,1848
2003-12-20,37,55,23,1623
2004-03-05,59,1,59,1390
2014-04-22,36,15,22,1592
2012-07-16,26,1,44,403
2000-09-25,30,30,54,348
2021-09-23,5,51,5,476
1997-06-03,7,44,43,592
2001-03-08,13,55,47,2342
2000-06-12,9,1,54,2807
2001-03-05,20,29,10,2521
2006-03-04,16,35,23,382
2017-06-09,1,26,39,381
2005-03-06,15,5,9,1816
2018-12-13,3,2,53,1073
18-05-2017,24,37,13,2683
2011-02-21,55,5,44,1958
2008-10-30,39,60,2,2043
2019-06-17,36,45,58,1008
2020-06-21,29,19,4,1747
27-06-2016,57,58,1,1226
2016-02-27,29,24,39,1272
2011-08-20,16,23,13,2103
2016-02-27,qiacqh,45,17,2265
2001-09-05,48,46,32,1317
2009-07-07,11,58,15,1889
2019-02-06,54,7,44,2409
2008-06-02,3,60,31,983
2013-11-26,26,14,38,1642
2008-01-29,57,34,41,2430
2010-02-09,41,60,53,1412
2001-04-17,51,18,32,2443
2020-06-11,27,40,5,2096
2003-08-28,43,20,52,1658
2005-10-19,47,36,57,2620
2002-12-26,56,57,23,
2005-04-01,20,15,59,1525
2010-06-23,33,16,22,1768
2009-07-01,17,37,23,2334
2011-09-21,20,55,3,2862
2002-12-05,31,42,55,1416
2018-10-23,39,38,33,686
2016-01-01,5,28,23,2719
2019-07-24,21,7,33,628
2021-12-27,56,43,41,2119
2011-12-20,36,8,17,253
2016-04-23,58,1,6,2654
2004-09-16,36,7,35,1675
2019-11-17,6,23,2,1778
2016-06-26,45,41,16,1076
2020-02-29,32,29,60,2667
2009-02-05,40,48,40,1731
2001-02-17,4,32,56,2828
2005-10-15,2,37,46,1764
2001-05-03,25,22,20,430
2023-04-02,58,57,58,1393
2020-06-23,5,26,2,2184
2001-01-26,33,3,32,2076
2018-01-10,19,51,20,1465
2016-12-26,59,30,10,1982
2014-07-31,52,58,30,1612
2005-04-13,37,60,12,1745
2022-08-04,44,56,11,1101
2012-03-30,20,16,14,901
1999-04-09,56,31,24,1342
2001-10-14,60,53,0,224
2015-06-12,38,48,39,2244
2017-03-04,9,13,0,nhw
01-11-2019,7,13,44,499
2002-02-29,xmlwfuaofszq,37,16,561
2009-10-08,42,8,21,1457
2019-02-20,2,29,16,1824
1998-10-03,15,7,51,176
2022-06-26,58,44,16,1096
12-09-2008,57,43,58,2186
2005-04-12,38,10,8,464
2019-11-13,30,28,13,1649
2017-11-20,31,57,35,386
2019-05-25,42,17,41,2065
2000-08-18,44,43,18,2524
2018-04-03,37,19,54,2042
28-01-2011,9,54,11,2683
2005-04-05,16,38,45,602
2011-06-10,16,21,10,2367
03-12-2023,43,17,6,524
2013-02-05,47,9,44,1874
2002-12-05,3,9,50,573
2008-03-03,29,39,53,1254
2000-07-20,3,45,19,556
2006-06-24,32,1,9,1213
2005-02-05,51,39,0,1579
1998-09-16,2,4,12,1306
1997-12-24,37,47,22,1352
1998-03-31,12,10,4,2043
2019-04-27,38,16,3,1895
13-05-2000,2,29,31,2474
2012-06-20,37,53,52,195
2011-10-22,26,56,13,1930
2020-07-26,60,25,11,755
2021-05-10,9,38,49,1482
2008-12-04,30,58,56,127
1999-01-14,48,2,45,665
2019-02-03,57,53,6,1840
2022-07-22,48,58,26,127
2002-02-16,43,8,48,778
2013-05-04,37,2,43,1840
2019-02-05,18,45,13,1082
2008-05-30,1,60,32,1772
2014-01-21,36,26,27,427
2002-03-06,54,59,26,202
2001-11-29,23,28,11,834
2004-05-25,0,49,53,343
2022-10-29,60,38,43,509
2002-02-12,30,8,12,1232
2021-08-11,33,11,36,1648
2002-01-02,60,42,54,2091
2010-12-29,1,17,57,1150
2018-03-04,16,19,50,784
2002-06-17,36,30,49,1017
2010-11-05,wxd,45,50,1039
2016-01-03,7,6,52,1495
2000-07-30,32,,49,1104
2004-12-20,9,32,38,1969
1997-11-30,59,56,31,133
2002-11-27,7,47,50,2470
2007-05-20,40,35,1,1345
2020-09-16,40,57,41,1159
2003-04-06,40,22,39,2462
2007-11-05,38,60,43,1553
2002-01-01,34,46,43,2177
2004-12-16,43,25,22,576
2013-06-03,29,13,17,915
2017-06-07,1,49,12,2949
2021-03-05,20,7,37,554
2017-02-09,32,26,31,1380
2012-02-06,10,9,53,703
2017-08-02,8,41,5,2395
2016-09-03,11,13,31,620
12-05-2012,60,58,21,1461
2004-10-01,19,50,25,426
2015-02-23,17,4,40,817
2005-11-10,33,31,57,2621
1998-06-19,0,32,35,1097
2017-10-29,33,23,25,1849
2007-03-11,37,48,23,949
2015-09-30,45,7,23,2443
2022-02-12,21,14,51,2160
2013-05-07,17,33,37,rauphkkoajqn
08-05-2004,5,29,23,990
2020-07-22,51,1,8,2404
2010-11-15,33,60,24,172
2022-02-07,39,28,20,1329
2002-12-20,3,59,46,1141
2020-10-08,9,34,23,764
2002-08-16,45,14,54,1335
2022-08-03,52,55,51,1542
2003-04-15,52,43,35,1932
2016-03-23,40,23,30,1914
1998-02-07,47,26,3,285
2020-06-15,42,52,31,2112
2005-10-10,22,33,21,2784
2002-02-07,55,38,,923
1998-09-20,24,11,10,867
2002-03-06,55,18,37,135
2001-04-23,13,54,18,fuhnitacsdnd
2018-02-25,18,57,0,2844
2008-02-21,56,15,31,2313
2006-08-10,1,44,45,1340
2013-11-26,28,2,29,2148
2011-07-03,8,21,4,920
2016-08-26,54,0,1,2091
2011-09-30,49,17,57,2400
2004-10-22,29,51,37,2708
20-08-2016,34,56,5,103
1998-05-18,35,15,57,397
2001-12-22,29,3,2,1807
1998-09-05,31,5,15,1734
2008-02-06,29,18,41,230
2003-08-18,30,24,19,2253
2003-10-08,50,55,39,1884
2002-07-27,48,27,51,1715
2006-08-22,17,25,35,2199
2011-05-18,16,60,1,2142
2001-03-18,38,57,23,301
2021-03-26,9,6,38,1756
2021-04-29,18,29,59,131
2015-01-01,55,29,24,1156
2000-11-29,42,47,44,671
2007-02-05,9,60,57,2243
2018-08-02,57,51,53,2363
2005-04-30,43,34,52,1570
2015-09-20,26,0,52,226
2023-05-19,3,55,56,2063
2000-02-26,26,58,11,801
2004-01-11,21,22,5,763
2008-02-01,49,24,33,867
2003-05-10,35,31,31,690
2016-05-27,17,35,28,671
2017-08-22,11,33,6,1217
2017-03-24,57,49,49,2447
2009-03-25,31,35,51,1643
2019-12-07,17,21,43,1745
2013-02-17,58,19,44,569
2010-09-01,13,57,22,494
2019-12-12,44,28,45,968
2002-02-21,15,34,58,2937
1998-04-21,58,38,3,2563
2019-10-15,20,51,20,1839
1998-10-08,2,14,33,2019
2007-10-04,54,7,ggrobsnviokk,207
2015-06-23,15,15,59,2219
2021-07-24,58,30,32,1289
2003-02-19,36,26,48,679
2023-09-30,0,22,17,2728
2022-01-22,56,58,26,1624
2004-04-04,55,12,38,2588
2020-04-24,6,7,11,2445
2021-04-13,5,10,38,378
2010-07-20,29,22,14,2938
1998-11-04,20,30,56,197
2005-10-02,20,35,46,2835
2014-03-08,45,28,4,2002
2016-06-02,59,45,1,2544
22-07-2004,10,6,33,1771
2017-03-12,31,2,57,1808
2000-05-25,50,22,4,1513
2012-04-02,51,48,28,2727
2017-03-07,1,35,30,1922
2012-11-07,47,25,35,2713
2014-10-24,19,29,25,1217
2019-03-06,21,17,48,1033
2006-03-25,28,26,59,546
2012-01-13,27,7,17,2217
2019-06-24,51,19,30,905
2014-03-08,48,32,18,1455
2010-07-06,26,54,42,1960
2013-12-28,14,12,18,1552
2019-06-23,37,43,44,2578
2004-09-11,12,15,58,183
2011-09-21,37,53,5,279
2007-11-07,18,43,8,1014
2018-01-05,27,43,34,778
2021-11-12,52,34,11,2820
2016-11-23,24,32,51,873
1999-07-22,23,10,9,2165
2023-11-07,50,23,34,566
1998-02-19,32,5,26,2473
2011-11-21,4,0,9,1989
2016-10-21,18,37,5,2769
1998-09-29,41,53,23,1063
2023-01-14,30,6,20,2838
2005-05-14,23,57,1,468
2018-05-06,5,34,12,219
2008-08-13,7,17,54,2116
2018-08-23,55,19,37,2365
2003-06-17,33,26,28,2199
2021-03-23,9,43,44,676
2011-03-29,18,45,46,1592
2003-06-16,14,52,39,1615
2009-08-19,31,20,22,310
2005-08-08,60,35,59,2987
2014-11-13,24,22,16,566
2002-03-05,0,10,47,2194
2001-08-04,57,28,7,1362
2007-11-15,5,60,45,920
2015-03-17,60,14,9,2980
2017-11-07,47,41,23,2454
1998-10-12,43,5,7,224
2020-01-20,42,36,41,635
1998-04-30,47,53,10,783
2021-04-20,4,39,50,2328
2016-11-27,9,41,0,2412
2019-10-03,2,4,39,1198
2016-12-24,43,24,54,1958
2013-06-06,31,23,59,1855
2017-10-04,35,52,38,443
2017-11-01,54,51,47,1175
1999-04-18,20,53,26,1576
2005-10-12,4,6,15,1865
2007-10-14,35,19,37,2451
1997-08-27,3,32,50,160
2016-11-23,37,40,56,1818
2009-10-01,33,22,45,2348
1997-01-14,7,1,27,1929
2018-09-25,2,31,3,1192
2016-05-17,39,46,6,576
2000-11-10,11,4,23,882
2014-09-14,37,46,6,1637
2008-12-11,4,25,48,1212
2021-11-30,7,33,49,706
2020-03-08,17,39,3,1001
2020-09-27,37,8,44,1117
2003-07-22,34,17,8,644
22-11-1998,6,39,29,1697
2007-04-07,45,52,10,128
2023-04-25,49,48,50,651
2006-01-18,0,27,30,726
2016-06-14,22,13,42,1982
2012-12-24,57,54,3,615
2012-09-29,59,5,43,463
2006-09-02,58,mqgxcfeuoe,57,417
2019-12-02,25,45,6,2469
2023-06-13,6,16,0,566
2007-11-16,50,7,10,1258
2007-04-15,4,50,57,669
2010-02-13,7,44,41,1053
2014-02-12,32,14,56,1761
2005-09-29,24,41,54,1839
2010-06-03,45,32,11,1205
2004-10-22,9,49,6,1121
2021-08-07,25,57,52,1262
2018-07-31,11,29,41,852
2003-03-13,51,24,24,908
2023-07-13,24,36,9,1197
2009-07-31,20,36,49,2539
2021-12-12,21,37,45,876
2013-04-16,56,33,41,1047
2011-07-29,57,41,9,715
2020-10-24,18,54,22,1052
2023-04-19,19,42,29,326
2015-04-12,35,10,46,1439
2002-07-29,10,32,14,966
2003-02-05,5,30,21,1552
2019-07-25,16,27,17,1083
2020-09-17,10,5,51,2376
2019-02-27,8,30,31,2004
2005-02-07,47,19,17,597
2009-10-24,47,35,18,1183
2022-08-18,36,6,20,1407
2021-04-17,15,17,51,2870
2001-01-14,36,15,38,2964
2005-06-29,5,19,34,576
2020-12-07,44,17,17,2502
2011-12-18,34,29,16,2577
2006-08-24,44,47,7,2140
2020-01-23,27,5,0,925
2002-04-19,45,32,2,1486
2020-08-20,41,22,31,1278
12-09-2010,30,45,28,1788
1998-12-01,11,17,1,451
2020-04-15,2,26,2,1275
2008-04-24,27,4,11,180
1999-02-09,4,49,30,1448
2018-09-09,28,24,,554
2009-07-04,60,9,21,dct
2017-07-05,17,50,51,362
2016-08-19,arjt,32,14,1049
13-11-2023,6,57,36,945
2019-07-01,53,6,11,607
1998-02-01,23,16,31,1638
2019-03-17,25,15,60,631
1999-11-23,6,57,30,2384
2014-02-16,44,18,22,574
1999-09-26,9,17,0,1148
2015-05-05,10,18,24,2841
2004-02-01,49,6,24,2105
2017-09-15,3,9,35,2094
2009-04-01,59,11,21,2402
2004-06-26,27,32,51,1747
2003-08-14,48,59,50,630
2010-02-11,5,53,3,2831
03-03-1998,18,30,27,2289
2010-09-31,57,18,2,2460
2012-01-30,47,57,26,2816
2019-10-30,11,53,29,1934
2021-01-03,40,58,16,524
2013-08-20,32,25,wekvfgnu,349
2009-11-26,60,41,46,1971
2011-10-06,27,10,44,1062
1997-02-24,57,14,27,1415
1997-01-22,2,51,58,2399
2020-04-26,15,28,10,2080
22-09-2012,10,55,25,2810
22-06-1999,49,39,48,2306
2008-09-25,5,14,2,747
16-12-2003,57,50,43,1903
2009-02-22,30,15,42,1879
2011-08-18,49,11,25,2139
2007-02-24,28,4,57,434
2011-11-21,39,43,55,1749
2004-12-17,60,39,23,2524
2023-04-08,24,47,42,1978
2004-11-15,9,12,42,1537
2023-03-30,54,2,41,1413
2007-09-12,31,50,26,485
08-02-2017,27,36,15,2047
20-12-2011,50,43,2,562
2014-08-08,56,57,43,
2017-11-03,23,27,9,338
2019-04-01,40,46,36,2452
2009-02-19,6,30,37,1515
2012-05-20,51,49,35,2880
2010-02-07,46,10,49,533
2020-01-11,20,1,20,2222
2007-09-29,39,34,30,1708
2022-01-07,52,44,56,2854
2012-10-01,wlpyaagok,8,31,1161
2004-11-28,42,60,0,283
2007-08-04,58,21,0,148
2018-04-03,13,23,5,1978
2004-02-20,10,23,34,1380
2001-07-20,26,45,7,333
2021-04-11,51,39,42,2048
2016-12-27,10,20,4,1764
2013-03-20,8,42,36,1938
2019-01-21,23,44,31,2684
1998-01-07,56,26,17,1317
2014-01-15,54,20,54,1952
2020-06-27,2,52,28,2058
1997-09-28,44,46,5,927
2015-12-11,5,27,29,2647
2015-08-26,47,11,22,321
2006-04-25,0,50,6,196
2002-08-26,24,2,18,2970
2010-03-24,41,39,40,2899
2013-09-07,53,51,22,2542
2012-07-29,42,41,22,608
1999-04-16,10,58,29,200
1998-12-08,38,24,40,2405
2019-06-09,52,22,41,2966
1999-09-24,54,44,29,334
2021-04-08,yqznazye,19,27,2801
2014-11-16,49,50,6,2824
30-12-2013,4,1,46,394
2011-06-26,4,27,26,2418
2020-09-14,9,34,30,2515
2018-09-03,57,21,45,2018
1999-08-17,45,32,47,2950
2009-11-19,0,33,7,1692
1999-12-29,14,49,58,708
2012-03-03,18,11,58,1462
2015-03-11,24,58,39,2452
22-11-1998,21,27,18,2643
2022-10-07,43,31,23,1820
2011-05-16,49,60,8,518
2010-09-30,31,6,60,1042
2009-07-06,28,59,58,2080
2004-01-06,16,1,47,1560
2022-01-04,37,25,27,2333
2004-02-27,7,31,19,2814
1998-03-16,26,52,41,2084
2003-07-16,45,6,30,801
1999-02-05,48,34,56,1889
1997-05-22,30,13,44,867
1999-09-12,9,57,55,914
2019-12-04,3,5,31,1246
2006-07-16,12,58,43,676
2019-09-26,12,25,44,1487
2023-03-08,21,9,0,2907
2015-01-04,8,26,27,2467
2010-05-07,dytecrqd,34,14,2248
2012-06-18,54,14,5,989
2002-02-17,58,23,29,2318
1997-03-14,50,6,49,1752
2016-10-03,15,9,5,1894
2006-07-23,35,35,21,2894
1998-04-08,10,4,3,2328
2015-10-17,35,56,2,1136
2013-02-07,20,27,31,2136
2012-08-17,17,40,4,2906
2018-08-24,37,16,60,2427
2014-10-30,51,58,40,1914
2011-03-11,49,51,55,2506
2016-10-09,55,60,6,2089
2002-10-28,13,0,27,1894
2011-11-12,7,31,60,2093
2017-12-21,25,7,38,2344
1999-12-17,52,51,30,2425
2015-11-22,29,3,29,2754
2002-09-21,44,54,40,1123
2000-03-23,55,41,3,465
2008-07-11,60,21,12,1066
2019-08-04,57,34,45,1692
2004-04-26,20,20,29,1934
2022-10-17,tsnlklvm,16,36,2446
2014-11-13,4,26,58,2048
2001-08-15,28,40,53,2487
2001-08-24,51,50,58,137
2009-04-03,16,58,48,2783
2023-05-12,36,tqqpxetqkopi,37,2224
2002-12-03,47,55,5,1488
2010-06-16,23,27,51,416
2005-07-24,28,43,0,2866
2014-11-09,30,43,51,2279
2010-10-16,27,20,56,2140
15-08-1998,42,28,31,1776
2012-06-28,10,24,23,2001
1997-03-02,51,37,60,1136
30-01-2000,42,22,60,2735
2017-01-20,57,55,3,1765
2008-05-02,11,51,16,2325
2007-03-31,0,16,27,1387
2012-03-28,0,11,50,129
2001-08-12,25,57,34,2466
2021-01-30,36,36,48,2738
2020-11-29,22,21,0,2084
2015-12-11,38,54,0,2296
1998-03-03,17,31,37,2373
2020-12-01,22,23,26,766
2016-10-21,32,24,43,1628
2001-12-03,22,26,60,1602
2023-06-01,21,52,7,952
2020-08-27,48,39,24,2764
2023-11-28,38,18,37,1656
2003-04-21,21,21,35,2776
2004-07-11,2,5,11,1928
2004-07-09,43,54,48,2958
2021-08-02,39,60,15,2544
1998-01-02,27,45,27,1041
2019-11-21,52,38,32,556
2001-09-17,34,5,17,1709
2022-02-06,26,56,3,840
2023-10-21,16,55,15,2891
2007-11-20,11,44,22,1088
2012-03-08,3,10,9,2097
2016-03-20,29,31,38,512
29-10-2005,55,44,20,2579
1999-05-17,1,56,55,405
2002-05-12,36,3,53,2346
2002-12-09,54,23,19,742
2010-08-05,19,23,18,2208
2010-11-12,3,2,56,2253
2012-03-02,50,45,44,1527
2023-07-26,32,1,58,2845
2021-11-01,15,45,35,1516
1997-03-01,20,43,30,209
2005-11-20,16,36,10,1932
2011-12-11,28,33,38,806
2000-12-05,42,17,42,2270
2010-09-21,5,19,3,1845
2003-09-11,17,3,45,806
2006-03-06,18,30,54,777
2014-04-12,14,34,12,2885
1997-09-02,26,31,15,2079
2000-05-14,58,12,rvmyd,858
2000-04-19,29,16,49,706
1997-03-19,26,12,0,1315
2005-07-19,0,uccughe,22,2909
2022-11-21,35,23,37,834
27-11-2002,26,23,36,2019
2006-09-30,30,16,32,894
1998-06-07,19,35,45,1747
2006-04-25,24,40,18,2233
2011-05-13,37,3,10,1854
2014-03-12,5,34,13,1549
2018-01-27,24,54,25,1321
2011-07-06,4,10,54,1526
2015-07-04,8,42,30,484
2011-08-30,58,35,11,969
2000-11-18,2,24,6,253
2001-06-05,27,7,22,411
2004-08-17,8,58,53,2894
2015-09-07,8,10,17,2546
2006-11-07,5,41,56,1847
2013-06-03,46,8,50,2848
1999-02-03,5,35,52,357
2008-01-30,7,27,21,1935
15-01-2018,39,35,48,2823
2007-07-16,26,45,47,274
2010-07-06,16,36,14,2904
2021-08-22,7,5,13,1624
2016-01-08,25,29,39,2105
2004-12-08,27,43,3,2922
2012-04-25,6,33,16,685
1998-02-24,8,40,19,2854
2011-05-29,41,31,14,1433
2001-08-30,54,16,5,1442
2017-02-06,7,54,40,2836
2000-11-01,25,43,57,1515
2012-10-11,6,,27,815
1997-01-05,46,59,20,2620
2012-03-21,39,51,5,2345
2001-10-26,11,24,34,999
2004-04-04,20,42,21,120
2009-06-09,18,21,48,334
2016-05-03,20,40,13,835
2018-01-01,56,14,3,2774
2015-05-05,42,40,27,2705
2010-09-11,22,17,40,1650
2006-08-19,2,35,57,1704
2007-05-30,43,30,35,2113
2007-10-09,29,54,45,899
2023-09-15,41,13,26,705
2015-08-06,41,50,7,2919
2022-07-06,31,55,50,923
2008-08-24,20,44,54,1877
2001-06-26,55,42,48,950
1999-06-11,0,21,59,2674
2001-01-13,56,38,38,1107
2008-04-15,3,58,49,175
2009-03-10,0,11,0,2291
2012-06-30,11,6,11,268
2010-05-28,21,52,55,670
2007-05-26,55,32,34,1187
1998-04-18,35,44,8,799
2020-02-19,21,20,48,186
2017-11-27,47,41,15,492
2013-04-06,34,59,29,1985
2013-09-20,43,29,58,696
2017-03-25,46,15,17,2972
2006-07-22,32,13,35,1364
2008-10-08,0,60,58,712
2009-08-22,6,40,37,2562
2007-10-12,30,19,18,2305
2008-03-17,42,31,15,423
2005-03-28,55,50,19,608
2009-08-15,58,32,50,2197
2020-01-29,3,4,5,175
1997-12-22,2,18,28,1768
2019-10-13,30,41,33,2962
2006-06-08,28,39,51,1918
2004-01-04,25,40,16,2469
2007-04-10,42,12,36,1007
2014-02-23,12,33,19,1841
2022-09-13,9,44,51,966
2002-01-14,37,52,35,288
2001-07-28,36,52,23,299
2006-04-25,45,33,47,1965
2012-01-16,32,35,56,489
2007-08-14,30,50,3,1429
2014-02-13,48,10,35,2220
2004-06-20,20,42,50,313
29-07-2015,15,10,11,567
2012-03-28,17,28,30,1458
2010-05-07,52,36,22,2429
2010-06-23,29,12,20,2736
2003-01-29,17,15,43,2507
1999-04-05,46,58,48,2281
2018-03-23,8,30,14,1062
2009-09-10,40,0,51,2370
2022-09-17,13,14,34,904
2020-03-29,50,10,31,300
2020-09-09,43,23,26,2980
2003-06-16,53,17,18,2566
2019-06-18,33,35,6,2070
1998-10-16,37,5,5,2778
2001-08-26,29,35,23,757
2017-10-24,22,57,54,670
2006-02-02,45,6,29,308
2010-12-26,16,52,34,1239
2016-07-19,1,26,16,691
2000-11-08,57,43,,2732
2018-10-22,9,42,3,2568
2009-07-13,3,56,45,1912
2012-11-31,5,44,38,427
2007-01-24,11,57,6,2258
2021-05-04,5,18,53,2112
2000-02-07,53,0,38,2835
2010-12-07,46,20,48,1682
2012-02-16,9,16,40,2081
2022-02-09,25,18,47,1039
2001-12-11,4,0,6,2884
2007-03-27,6,32,1,2090
2020-04-23,9,3,39,2985
2012-11-18,26,59,45,287
2009-05-18,56,2,16,679
2022-07-31,26,40,42,1501
2002-10-15,0,10,19,1095
2002-07-13,52,28,6,1607
2003-10-20,29,3,33,2922
2011-03-07,60,14,53,519
2007-11-16,0,52,5,617
2022-02-20,14,42,54,2607
2015-06-12,27,43,20,550
2003-02-17,51,55,12,1280
2006-06-29,5,25,46,2296
2010-12-21,48,3,16,1972
2014-11-11,35,12,39,2171
24-11-2008,46,41,45,698
2004-03-23,50,24,15,1903
2016-10-28,15,26,59,1205
2013-04-08,scg,36,22,810
2016-05-29,11,13,23,1687
2001-11-14,56,16,46,1938
2012-02-17,25,32,24,2926
2021-09-18,59,49,47,2420
2012-06-14,5,51,44,2112
2006-05-18,42,26,20,2413
2017-11-13,14,51,5,195
2012-12-17,7,33,57,644
2011-09-16,51,5,24,1788
2018-02-13,32,10,55,1202
2015-10-30,17,22,36,1198
2002-10-19,27,0,34,695
2020-04-18,25,28,15,2981
1999-12-22,20,32,4,2476
2001-09-16,13,48,57,2110
2021-12-07,25,20,34,msefprz
2019-01-13,36,43,27,2529
2002-03-04,23,30,38,
2015-07-08,60,39,7,613
2013-06-09,34,5,14,1893
2023-04-10,51,26,38,248
2016-02-14,16,21,58,2372
2013-08-06,31,42,4,1417
2000-10-15,27,46,58,2005
2014-09-31,39,30,15,2362
1997-08-08,55,51,1,2439
2017-08-27,23,10,46,1720
01-07-2013,41,49,49,2659
2010-07-15,35,53,2,322
2006-05-18,48,38,22,1136
05-04-1997,52,4,20,1638
2006-04-05,26,51,47,484
1999-04-14,56,21,46,1144
1999-03-18,39,8,29,642
2014-07-09,36,54,28,432
2010-09-20,8,50,1,2637
2014-09-11,16,4,42,1395
2019-09-07,12,53,29,1530
2009-08-25,28,54,12,1228
2019-08-24,25,52,31,767
2014-06-21,6,41,23,2778
2021-12-11,27,53,14,1282
2023-01-04,3,19,33,
2017-12-03,30,48,11,2416
2013-05-20,9,21,5,328
2004-09-17,52,56,19,2547
1999-08-02,58,32,23,2752
2002-03-22,60,25,26,1768
2019-06-05,25,2,32,2809
2006-01-26,cyrlju,39,25,2348
2010-07-15,2,44,11,1766
2014-10-03,11,15,21,100
03-08-2000,42,55,24,2375
2022-06-03,46,28,54,1257
2000-09-28,24,2,5,238
2014-04-18,30,30,53,963
2013-05-01,5,50,58,1146
2020-01-23,50,38,50,718
2017-06-22,52,52,50,1404
2005-05-01,53,5,45,1205
2018-11-02,32,57,59,227
2018-06-01,58,59,25,579
2017-03-17,54,24,50,122
2019-06-28,41,6,47,2229
2019-09-03,8,17,34,2514
2012-12-21,2,49,34,321
2005-06-29,2,12,55,1981
2000-12-30,11,52,60,2912
2022-06-12,30,29,9,1061
2007-03-16,49,23,45,1889
2020-11-12,59,3,4,2673
06-02-2014,55,28,29,763
2001-03-20,24,6,34,2772
2022-04-04,25,47,0,715
31-03-2008,31,7,33,1412
1998-12-30,18,45,fvpokqndb,2168
16-05-2000,43,38,26,568
2015-02-06,3,43,12,617
20-07-2015,50,59,,1959
25-11-2010,22,20,25,2335
2008-02-21,49,56,11,189
2021-10-03,29,59,41,982
1997-04-11,34,39,34,1674
2013-06-29,21,ocrjowk,20,2072
2018-12-13,10,22,5,2357
2020-12-19,16,46,37,236
1998-12-29,14,45,2,1729
2007-07-21,6,13,55,1385
2016-03-02,6,30,25,162
xepgqfdgox,55,55,26,1695
2000-07-14,3,23,20,2924
2023-02-03,30,58,59,1816
2020-12-21,53,9,32,417
2010-03-31,25,23,3,1637
2009-12-01,3,52,43,118
1999-07-07,19,18,3,907
2002-07-31,8,54,18,1391
2017-01-21,0,36,39,993
2011-11-19,58,15,46,522
2006-09-18,35,20,38,310
2003-06-10,37,1,22,257
2002-04-17,42,40,7,229
2023-03-09,34,55,24,919
26-04-2007,25,45,5,2856
2013-01-29,39,54,45,1680
2010-07-24,4,7,22,2063
2014-07-01,36,49,38,2894
2003-07-07,52,6,20,2436
2019-01-06,40,12,54,1582
2006-05-04,27,38,24,1007
2011-06-29,34,56,35,684
2001-03-24,28,42,48,1805
2001-10-26,34,58,14,805
1999-09-18,60,20,17,2064
2023-01-05,17,44,50,2654
21-09-2013,43,6,39,1918
2010-04-20,17,60,46,366
2011-10-13,7,58,18,195
2000-05-24,6,24,60,2862
2012-09-14,29,18,48,2800
2020-09-09,vnyvwljkj,17,51,949
2007-04-13,24,45,9,599
2001-12-20,59,9,28,728
2002-07-05,aiuaqc,14,56,1017
2018-06-27,34,22,7,1155
2006-04-18,53,48,32,448
2018-09-31,19,49,26,1623
2001-04-26,55,29,15,2900
2015-09-15,24,43,53,1608
2022-08-01,50,49,43,2371
2021-12-18,58,18,25,1838
1997-01-15,25,46,17,2477
2023-05-22,9,43,10,469
2003-12-18,37,22,47,2361
2001-11-06,25,22,28,708
2010-06-17,3,42,22,260
2014-08-12,53,10,24,1140
2022-11-27,58,33,6,379
2009-12-12,8,36,54,2757
1997-11-28,59,50,33,599
2005-11-05,27,1,25,2610
2015-12-23,53,12,36,1684
2020-10-26,38,45,10,756
2006-12-02,50,20,57,1514
2013-09-24,3,0,29,1038
2008-02-19,57,3,26,1270
2011-12-24,52,45,24,2277
2015-12-02,37,15,41,716
2015-01-08,14,53,39,851
2014-12-04,36,60,59,2162
2023-01-02,38,36,12,1285
2015-02-16,59,24,37,2163
2023-05-12,58,14,8,2642
21-05-2004,38,46,36,2332
01-04-2004,57,4,47,2136
1997-10-13,47,13,5,976
2002-01-08,44,32,30,986
2003-06-01,50,47,44,1814
2010-01-21,25,19,27,894
2017-06-03,10,29,7,1598
2018-09-03,44,29,34,1785
2022-11-19,8,35,16,1670
2019-12-03,48,55,36,1884
2002-12-08,45,11,53,280
2022-06-08,5,56,39,1413
2018-01-31,53,23,55,2999
2022-12-15,35,18,56,564
2023-02-18,59,44,42,1089
1999-10-12,11,43,15,382
2016-08-28,37,59,0,2639
2002-03-08,50,27,43,176
2012-04-22,6,18,9,2169
2004-07-19,17,51,19,281
2015-07-05,48,46,5,1440
2012-07-27,33,13,2,2010
2023-05-23,13,47,20,432
2004-02-01,47,37,56,1109
1998-10-17,36,30,23,1006
2018-10-08,36,23,15,2735
2001-11-28,6,4,31,2209
2000-06-07,9,26,39,2015
2004-06-18,49,36,29,2624
2002-07-22,8,16,32,
2010-01-21,21,0,0,673
2012-02-05,11,14,60,997
2019-08-11,54,47,1,307
2022-09-18,25,45,0,1116
2017-09-08,41,0,54,1548
2002-03-16,55,11,3,1187
2012-11-14,4,8,14,1025
2020-09-15,21,45,0,2223
2006-03-01,47,42,38,2648
2020-12-09,14,31,21,859
2011-12-28,32,40,17,1701
2012-07-02,27,28,60,116
23-03-2002,53,31,7,2944
2017-12-01,55,39,21,2597
2012-10-16,44,6,19,846
2010-05-29,4,26,7,1459
2016-06-04,20,14,23,1945
2016-04-26,57,14,2,2460
2004-04-26,27,14,12,762
2022-11-09,34,59,39,1874
2008-08-09,37,42,17,1874
1998-12-14,58,,38,947
31-11-2003,26,59,4,1039
2001-06-19,21,36,36,509
1999-11-10,33,40,55,898
2007-02-20,50,45,20,1245
2001-01-20,34,3,25,2933
2017-06-24,34,42,16,459
2021-07-10,26,37,31,2497
2013-01-17,48,31,16,1290
26-07-2022,22,52,31,2736
2015-08-14,11,33,46,307
2004-10-19,1,22,9,823
2020-01-12,40,37,4,1031
2012-11-18,11,55,44,945
2018-11-22,13,15,37,472
2017-05-08,47,52,37,1913
2019-11-04,18,29,34,997
2015-07-02,24,20,38,1146
2013-09-06,19,28,43,888
25-04-2005,10,38,0,252
2008-02-22,6,3,35,1178
2018-09-01,31,15,54,1277
2005-09-01,22,5,51,234
11-05-2020,29,41,42,343
2019-05-14,43,19,47,822
1999-11-13,47,27,13,1008
2007-04-19,53,43,53,2111
1999-04-01,17,27,3,1929
2010-01-10,37,4,49,2215
2006-11-01,49,46,24,687
1997-11-07,59,3,48,1324
2017-06-17,18,46,20,2116
24-09-2016,22,10,42,1447
2001-10-19,5,25,19,2537
2008-06-27,25,10,10,1013
2016-10-21,26,56,32,1777
2023-09-03,1,14,16,2167
2023-06-21,45,0,23,140
2022-12-29,11,1,57,1693
2013-04-11,3,7,56,331
1997-04-19,35,39,44,709
2014-06-19,56,60,55,1992
1999-05-23,11,57,29,2400
2020-12-20,28,43,28,1468
2021-04-06,35,38,9,274
2008-09-29,10,53,48,1405
1998-11-02,6,38,59,1443
1997-03-24,44,42,41,2223
2016-10-01,0,2,31,2224
1999-08-30,41,44,20,353
2013-06-17,5,13,5,266
2013-07-14,51,28,47,399
1997-06-03,26,46,17,2818
1997-06-17,22,42,15,1610
2020-06-19,44,24,34,2218
2012-05-31,38,49,45,2333
2016-09-18,29,37,47,2449
2022-08-19,16,52,2,2363
2009-03-17,0,2,16,1537
2000-06-05,38,26,31,236
2020-03-06,42,46,44,2570
03-06-2015,60,59,48,1558
1998-11-11,4,55,53,739
2012-08-08,25,23,10,2067
2017-11-30,29,33,42,2141
2000-07-12,24,37,21,330
2021-03-21,12,58,49,2360
2007-08-18,1,38,56,1281
2012-12-13,55,54,45,1945
2022-10-14,33,56,48,2875
2007-03-15,34,39,49,251
19-07-2013,3,27,44,2773
2010-07-17,18,12,9,140
2007-07-05,60,10,50,2773
2019-12-01,50,45,59,2721
2014-06-15,9,40,43,438
1998-10-21,42,57,6,945
19-04-2019,14,59,27,1687
2020-09-19,1,60,0,2728
2003-11-08,31,40,58,530
2002-01-05,32,37,30,198
2020-01-16,16,47,50,1697
1997-07-28,57,36,23,1795
03-03-1998,13,28,35,1452
2023-09-10,56,17,50,104
2001-12-04,6,1,59,1526
2003-09-03,26,25,13,1808
2000-08-20,15,5,53,1492
2001-09-12,21,26,51,2837
2009-09-11,31,53,34,1719
2018-02-07,1,20,32,484
2010-05-29,39,58,27,2268
2016-03-24,2,8,46,707
2023-12-01,30,29,28,2420
2011-02-08,5,54,,340
2011-02-21,16,10,15,2196
2017-08-14,28,29,8,219
1997-12-28,60,56,27,659
1997-02-09,16,41,29,2027
2022-07-15,39,30,29,2275
2014-12-24,23,42,20,2278
2021-10-24,18,23,38,866
1999-10-18,20,57,47,384
2022-08-02,49,35,29,908
2023-06-14,60,19,22,204
2016-07-22,5,14,3,107
2011-03-03,45,14,54,2587
2002-10-19,31,37,5,542
2001-02-27,49,54,26,1954
2023-04-20,8,15,11,1582
2001-08-19,54,58,18,937
2013-10-27,,15,28,1834
2017-07-10,53,39,5,1585
2002-02-09,23,11,42,731
2015-10-26,17,35,20,652
2002-02-21,47,40,52,367
2001-12-02,54,59,53,1245
2005-01-11,12,19,3,2593
2014-10-26,21,55,37,1405
1997-05-22,8,51,28,2571
2020-09-13,42,48,48,1739
2019-03-30,0,55,52,622
2023-02-05,20,43,35,1583
2015-07-16,33,37,37,2937
,21,11,48,2998
2019-09-22,42,34,40,2260
2004-12-15,3,11,46,2756
2017-08-14,29,23,22,1413
2014-01-24,7,1,26,1435
2014-12-22,53,14,43,428
2017-05-01,47,58,22,642
2020-06-02,0,17,29,1600
2022-12-18,2,51,21,477
2007-04-27,27,5,26,116
2017-07-26,43,55,42,1797
2013-07-23,10,20,22,2522
1999-03-08,11,17,23,1574
2003-12-01,26,26,50,1253
2020-05-24,28,33,60,2223
2007-11-03,14,30,29,1226
2020-08-16,6,6,56,2171
2013-11-26,50,28,46,1518
2000-04-10,19,60,17,1158
2004-11-22,0,31,57,872
2011-05-10,0,59,55,380
2018-11-24,39,16,14,1101
2023-11-05,38,26,29,732
2020-08-10,42,9,12,1256
2012-09-28,19,25,20,2189
2003-01-22,38,47,8,1017
2002-05-24,1,14,27,2056
2007-01-03,16,17,15,1173
2020-01-04,34,17,28,2566
2022-07-15,ebqqqt,23,55,1166
2022-10-22,13,49,47,766
2010-04-08,29,2,41,1716
1998-06-27,44,56,11,2330
2010-04-18,47,qiu,35,2880
2005-08-25,58,1,41,241
2010-11-28,1,57,13,1914
2001-01-23,31,16,19,2107
16-10-2010,40,22,58,1086
2019-06-29,24,15,20,1132
2023-02-14,21,21,39,514
2012-05-09,40,21,19,1482
2004-07-10,7,46,39,1899
2012-05-12,45,53,47,2903
2005-01-26,10,2,40,2773
,58,2,16,774
2012-03-24,9,35,45,354
2018-01-29,23,32,10,773
2016-02-17,45,32,1,2910
2007-01-04,10,50,ndscjpkqzykd,2337
2000-11-10,33,22,30,2692
2006-06-20,52,18,1,1157
2019-10-22,25,12,55,293
2010-04-17,45,33,20,1813
2016-03-13,1,44,32,951
2013-07-11,14,45,20,1187
2022-07-17,23,0,34,2668
2019-03-19,43,37,8,
2006-06-02,19,39,25,751
2016-10-12,26,18,24,2069
2016-11-17,53,39,51,2291
2019-04-04,21,0,42,834
2010-06-30,31,7,8,2850
2021-06-29,8,47,50,1138
2006-03-21,38,16,25,1666
2001-01-31,9,2,10,1155
1999-01-11,34,14,46,454
,33,14,38,1773
1998-03-06,58,27,7,2038
2023-09-10,53,22,40,1706
,55,2,17,1327
1997-04-04,35,41,14,2345
2013-02-21,36,53,22,2516
2014-06-15,53,5,52,896
2022-07-03,21,53,47,339
2006-12-21,3,17,8,1447
08-04-2015,17,rjfuvppvu,27,2539
2014-01-10,10,24,2,209
2015-12-24,54,2,26,179
2010-10-21,27,36,7,1883
2013-09-10,9,28,54,2899
2004-06-15,37,27,13,2279
07-07-2010,26,42,12,1859
2019-11-25,18,10,41,1888
2001-06-08,2,57,3,481
2020-03-29,23,20,52,2881
2012-05-18,17,22,27,1327
08-10-2000,18,21,45,1594
2002-06-30,36,54,8,1711
2017-01-02,40,20,28,1922
2017-01-14,8,5,43,
2021-10-14,57,44,21,211
2018-08-14,54,59,36,107
2002-08-06,60,46,12,2750
05-06-2002,0,41,22,307
2011-11-13,23,28,dspabcptn,876
2010-03-16,12,48,46,335
2002-03-23,0,8,58,431
2012-09-13,24,49,41,830
1999-05-24,22,1,20,2122
2020-08-02,4,20,6,1429
2012-09-09,4,19,50,2129
2003-05-19,57,20,51,1920
1998-04-27,29,42,13,2688
2023-11-11,56,12,3,445
14-10-2007,10,25,40,2544
2010-09-30,1,18,18,2267
2009-06-09,37,47,60,1633
2020-10-20,13,54,28,2987
2012-07-25,45,12,59,1072
2019-06-29,17,10,14,1506
2016-03-19,5,4,38,117
2001-07-02,21,46,33,200
1999-02-24,2,31,49,1080
2019-12-26,23,24,15,1876
2011-10-25,16,5,34,2119
2020-09-01,57,27,59,1285
2012-07-23,38,16,27,620
29-04-2011,7,36,4,1329
2003-09-12,3,9,ktus,1001
2020-11-03,3,35,5,611
2001-12-13,39,4,18,528
2020-10-25,48,51,56,989
2014-10-13,57,9,58,2191
2016-08-01,51,22,9,2581
2008-02-26,55,36,20,2229
2015-12-08,25,13,50,1702
2003-11-05,16,54,19,2837
2013-01-15,36,26,36,545
2019-01-14,0,47,31,2197
2006-03-04,17,9,3,531
2004-08-02,7,13,59,1164
2009-02-12,8,53,13,1912
2012-10-28,32,19,18,243
30-06-2016,20,38,16,2447
2015-05-23,53,56,57,1576
1999-04-08,18,58,14,342
2016-09-19,58,44,53,2642
2018-10-03,18,10,20,2759
2006-09-17,57,2,12,280
2018-12-16,42,32,24,615
1997-04-18,0,42,35,233
2005-11-26,12,12,33,2069
2002-07-31,54,29,28,2072
2008-02-08,54,12,24,2685
02-06-2014,4,23,40,1766
2018-03-25,14,31,30,834
2017-01-17,38,8,51,2867
2013-04-28,17,52,15,252
2015-11-08,14,45,15,1664
2017-03-22,6,20,23,2024
2021-07-24,47,53,54,211
2012-11-19,3,31,38,1596
2016-05-21,54,17,55,138
2008-10-20,32,47,60,2232
2001-10-17,56,12,6,2550
2000-04-23,6,28,23,2541
2012-08-24,10,23,58,913
2007-07-27,56,36,26,2129
2006-10-29,50,45,12,2251
2018-10-14,20,22,20,1603
2013-10-15,35,52,8,1712
2002-10-13,11,39,46,1111
2018-04-28,8,32,32,2794
2005-03-22,46,55,2,2774
2010-06-23,6,9,21,1707
2004-07-05,39,2,8,2108
2005-05-30,25,55,54,2001
1997-12-19,49,50,16,1853
2002-08-05,34,21,43,131
2001-07-10,51,59,30,1359
1997-01-11,12,31,5,530
2014-01-04,33,44,19,1066
2014-03-23,48,42,19,2599
2019-09-17,49,57,43,721
2019-06-17,8,4,6,826
2023-11-14,19,51,6,1070
1997-01-10,36,8,28,1110
1999-11-01,48,19,16,979
2001-02-16,26,43,37,1792
jnsfwsds,58,58,12,329
23-01-2007,26,6,3,1345
2004-09-14,19,4,33,695
2008-07-20,21,31,33,1171
2013-09-12,43,25,60,1960
2016-04-27,37,26,1,1928
2005-03-09,59,51,17,2093
2020-12-07,10,54,5,1159
2017-05-10,11,10,36,1273
2021-03-08,59,35,9,1851
2001-12-10,28,38,34,2624
akijpdkvvkjd,0,6,19,590
2003-08-13,43,6,37,933
2003-06-02,41,42,47,2534
2021-06-19,2,30,44,1090
2006-05-12,26,6,8,1450
2009-05-24,53,0,47,1810
2012-04-06,22,30,2,595
11-07-2011,52,14,45,828
2008-08-20,45,15,4,121
2019-04-03,10,19,17,491
2008-04-17,6,9,29,1435
2004-02-21,38,23,19,2483
2015-11-14,21,33,4,2603
2021-11-24,56,15,34,1796
2020-12-11,54,49,33,953
2021-11-19,59,25,52,561
2014-03-09,47,41,36,1214
2002-07-27,42,50,44,2853
2022-03-21,18,43,39,1410
2000-11-21,45,25,53,450
2016-05-21,1,35,18,aegroaisbt
1997-05-27,18,11,7,2034
1997-11-11,27,34,9,1297
2022-03-01,32,46,25,2440
2018-11-28,27,16,0,1924
2022-06-09,8,59,47,2472
2006-06-30,46,52,28,2627
2010-12-05,24,20,33,765
2016-05-25,23,43,22,2367
2008-11-11,12,47,6,149
1999-06-29,39,40,59,892
2016-09-21,36,13,4,784
2007-06-04,53,32,43,982
2006-11-07,13,18,5,2810
2004-08-22,33,21,33,2151
2010-01-08,1,11,49,2594
2013-11-24,28,52,18,1380
2018-10-06,13,kjweapyqb,51,955
2023-11-24,56,53,15,1920
2008-10-10,19,54,43,2396
2022-02-21,58,18,41,2718
2013-04-06,32,47,43,2639
2014-12-06,33,4,26,2900
2020-03-28,21,23,55,1676
1999-09-01,57,18,55,732
2016-11-15,5,9,40,2258
1997-06-10,15,2,53,2875
2016-08-13,25,60,3,2466
2006-05-22,22,40,41,1233
ugyadic,29,46,18,1430
2017-05-11,42,29,51,858
2015-06-16,ocidv,49,21,777
2000-01-29,35,12,44,656
2021-08-10,20,17,36,2821
2005-01-22,18,26,35,1001
2015-04-24,11,25,39,829
2001-05-25,42,49,25,2168
1997-11-31,20,20,60,2615
2009-03-29,11,33,38,2582
2019-09-21,58,16,8,1218
1999-08-20,14,15,0,401
2006-02-13,47,2,43,389
2022-04-17,42,24,17,750
2014-05-09,48,48,34,1249
2016-07-30,4,12,19,846
2019-02-26,7,36,27,367
1998-02-23,43,52,5,2292
2012-08-22,33,35,31,2920
2018-06-18,34,33,26,838
2005-10-09,58,56,59,1291
2009-06-28,18,59,22,2971
2000-12-30,18,46,50,145
2013-08-23,5,60,14,1973
2012-12-04,22,58,15,1861
2019-04-19,56,44,29,1102
2023-01-21,50,49,45,2955
1997-02-26,33,4,39,2452
2009-02-16,47,34,57,1049
2001-12-26,26,39,10,2504
2010-04-04,11,1,52,1019
2004-10-16,4,38,37,2035
2007-07-26,24,13,4,210
2004-11-24,36,48,20,1710
2021-10-25,31,6,35,669
1999-11-16,40,53,32,317
2014-02-21,53,17,14,1073
2006-02-14,0,7,11,1968
2001-08-30,5,37,59,2965
2023-11-29,37,58,7,735
2003-01-19,44,52,24,463
2009-10-01,57,31,8,1234
2013-05-16,11,60,9,627
1998-05-07,43,39,52,1586
2023-04-04,1,40,35,1285
2003-02-04,17,13,11,1712
2007-08-16,25,1,49,433
2022-08-01,41,49,4,758
1998-09-23,9,13,12,1188
2006-03-07,24,7,39,1293
2002-02-16,26,31,32,425
2013-02-17,1,53,34,2383
1999-01-24,44,54,42,600
2007-05-13,17,36,6,595
2009-08-28,10,32,53,uzgfzztkvz
2004-07-13,19,30,38,2874
2019-11-09,2,38,17,2399
2023-06-14,42,51,35,1468
2023-10-06,50,15,37,2560
2005-02-04,12,31,0,1598
2007-04-01,5,1,52,423
1997-12-30,55,45,16,982
2017-01-17,51,17,31,434
1998-07-02,26,41,17,2765
2017-11-16,23,11,13,1072
2009-07-22,37,44,38,203
2017-05-31,11,21,36,741
2016-10-19,45,51,44,1577
2021-04-15,43,31,59,2618
2004-10-12,15,2,18,935
2023-11-28,41,5,46,1506
2012-02-10,0,9,5,1181
2020-03-28,20,7,52,1358
2018-07-11,7,51,34,983
2014-08-07,13,7,36,1842
06-08-2009,37,4,38,1622
02-10-2003,38,37,29,2345
2014-06-27,22,48,29,727
2016-06-26,47,58,4,442
2011-06-14,41,4,52,1248
2013-09-25,42,16,0,1027
2000-01-05,3,33,24,2752
2005-02-23,25,40,50,1892
2014-10-24,2,16,2,1064
2016-11-14,0,10,41,2346
2002-08-22,15,3,0,1749
2020-05-12,43,25,48,688
2009-07-22,27,47,rwmjlz,572
2005-06-30,18,17,3,2503
2014-02-06,6,56,14,1805
2016-11-28,18,48,24,1446
2021-02-23,32,28,59,2924
2002-03-06,11,16,36,1555
2004-01-18,55,35,3,1396
2014-09-30,2,49,56,889
2014-11-22,54,1,0,259
2007-08-17,23,15,57,1428
2012-12-30,52,17,20,2013
2005-04-21,10,41,6,2527
2004-02-18,11,42,58,1924
,28,54,9,1577
2016-08-12,39,59,48,406
2020-03-04,19,4,26,2807
2004-07-29,40,12,55,165
2014-11-15,40,44,38,117
2003-10-05,50,9,21,1488
2016-03-23,41,37,42,1094
2008-09-24,11,17,1,2130
2008-10-30,49,15,12,2103
2023-06-14,25,13,8,2703
